,median_ages,right_amygdala_volume_average,right_amygdala_volume_variance,right_amygdala_volume_2_5,right_amygdala_volume_5,right_amygdala_volume_10,right_amygdala_volume_25,right_amygdala_volume_50,right_amygdala_volume_75,right_amygdala_volume_90,right_amygdala_volume_95,right_amygdala_volume_97_5
0,40.0,1808.4891624701436,187.89034984482214,1440.2308437316613,1499.437039058707,1567.697990475789,1681.759047339055,1808.4891624701436,1935.219277601232,2049.280334464498,2117.5412858815803,2176.7474812086257
1,40.25114155251141,1808.4059872742325,187.85182743152285,1440.2231710784142,1499.41722759403,1567.6641837389502,1681.7018551160672,1808.4059872742325,1935.1101194323978,2049.147790809515,2117.394746954435,2176.5888034700506
2,40.50228310502283,1808.2912531457862,187.81492942379143,1440.1807557162228,1499.363185287428,1567.5967363100776,1681.6120083156384,1808.2912531457862,1934.970497975934,2048.9857699814947,2117.219321004144,2176.4017505753495
3,40.75342465753425,1808.1449562449714,187.7796021010336,1440.1036990956836,1499.2749966615818,1567.4957131950496,1681.4895393319257,1808.1449562449714,1934.800373158017,2048.794199294893,2117.0149158283607,2176.186213394259
4,41.00456621004566,1807.967094151888,187.74579297720183,1439.9921016676594,1499.152745628457,1567.3611792375425,1681.3344811463298,1807.967094151888,1934.5997071574461,2048.573009066233,2116.7814426753184,2175.9420866361165
5,41.25570776255708,1807.7576658615365,187.7134507901754,1439.8460628990608,1498.9965155017396,1567.1931991276078,1681.1468673296265,1807.7576658615365,1934.3684643934464,2048.322132595465,2116.518816221333,2175.669268824012
6,41.50684931506849,1807.516671784928,187.68252549000255,1439.6656812970023,1498.806389017285,1566.9918374178508,1680.9267320510064,1807.516671784928,1934.1066115188494,2048.0415061520052,2116.2269545525705,2175.3676622728535
7,41.757990867579906,1807.2441137545823,187.65296822716218,1439.4510544373052,1498.582448357925,1566.7571585439714,1680.6741100914903,1807.2441137545823,1933.8141174176742,2047.7310689651931,2115.9057791512396,2175.0371730718593
8,42.009132420091326,1806.9399950198695,187.62473134037654,1439.2022789837279,1498.3247751688555,1566.4892268357248,1680.389036847492,1806.9399950198695,1933.490953192247,2047.390763204014,2115.5552148708834,2174.677711056011
9,42.26027397260274,1806.604320247511,187.59776834363913,1438.91945071389,1498.033450579474,1566.188106534047,1680.0715483400675,1806.604320247511,1933.1370921549544,2047.020533960975,2115.175189915548,2174.289189781132
10,42.51141552511415,1806.2370955242643,187.5720339133707,1438.602664547132,1497.708555227192,1565.8538618101993,1679.7216812262639,1806.2370955242643,1932.7525098222648,2046.6203292383293,2114.7656358213367,2173.8715265013966
11,42.76255707762557,1805.838328355979,187.54748387493197,1438.2520145700057,1497.3501692786742,1565.4865567821093,1679.3394728072724,1805.838328355979,1932.3371839046856,2046.1900999298487,2114.3264874332835,2173.424642141952
12,43.013698630136986,1805.40802766764,187.52407518858993,1437.8675940638225,1496.958372452967,1565.0862555323993,1678.9249610379368,1805.40802766764,1931.8910942973432,2045.7297998028807,2113.8576828823125,2172.9484612714573
13,43.2648401826484,1804.9462038027946,187.50176593582194,1437.4494955309244,1496.5332440434518,1564.6530221253647,1678.4781845354178,1804.9462038027946,1931.4142230701714,2045.2393854802244,2113.3591635621374,2172.4429120746645
14,43.51598173515982,1804.452868522074,187.48051530448348,1436.9978107222757,1496.074862940763,1564.1869206245046,1677.9991825877203,1804.452868522074,1930.9065544564276,2044.7188164196432,2112.8308741033843,2171.907926321872
15,43.76712328767123,1803.9280350066788,187.460283574408,1436.5126306691736,1495.5833076599622,1563.6880151144615,1677.4879951668897,1803.9280350066788,1930.3680748464678,2044.1680548988961,2112.272762353395,2171.343439344184
16,44.018264840182646,1803.371717852713,187.44103210220223,1435.9940457073803,1495.0586563598781,1563.15636971484,1676.9446629336028,1803.371717852713,1929.798772771823,2043.5870659905859,2111.6847793455477,2170.7493899980454
17,44.269406392694066,1802.7839330766478,187.42272330628876,1435.442145511906,1494.5009868731763,1562.592048604841,1676.3692272527198,1802.7839330766478,1929.1986389005758,2042.9758175484546,2111.066879280119,2170.1257206413898
18,44.52054794520548,1802.1646981097385,187.40532065118086,1434.8570191222436,1493.91037672664,1561.9951160378298,1675.7617301983069,1802.1646981097385,1928.5676660211702,2042.3342801816473,2110.419019492837,2169.472377097233
19,44.77168949771689,1801.5140318000335,187.38878863198687,1434.2387549747505,1493.2869031686669,1561.3656363632044,1675.1222145660984,1801.5140318000335,1927.9058490339687,2041.6624272368626,2109.7411604313997,2168.7893086253166
20,45.02283105022831,1800.8319544090477,187.37309275846027,1433.5874409305827,1492.6306431921796,1560.7036740435094,1674.4507238809267,1800.8319544090477,1927.2131849371688,2040.960234774586,2109.0332656259156,2168.0764678875125
21,45.273972602739725,1800.1184876147502,187.35819953905175,1432.9031643099397,1491.941673563843,1560.0092936778608,1673.7473024104675,1800.1184876147502,1926.4896728190329,2040.2276815516395,2108.295301665657,2167.3338109195606
22,45.52511415525114,1799.3736545073782,187.3440764646104,1432.1860119198238,1491.2200708466899,1559.2825600186495,1673.0119951720476,1799.3736545073782,1925.7353138427088,2039.464748996107,2107.5272381680666,2166.5612970949323
23,45.77625570776256,1798.597479587772,187.33069199210692,1431.4360700842765,1490.4659114252258,1558.5235379907342,1672.2448479419568,1798.597479587772,1924.9501112335874,2038.67142118481,2106.7290477503184,2165.7588890912675
24,46.02739726027397,1797.7899887708238,187.31801552802511,1430.6534246803799,1489.6792715361994,1557.7322927161754,1671.4459072701004,1797.7899887708238,1924.1340702715472,2037.8476848254722,2105.9007060054482,2164.9265528612677
25,46.278538812785385,1796.9512093793971,187.3060174119071,1429.8381611644268,1488.860227289586,1556.9088895292434,1670.615220485017,1796.9512093793971,1923.2871982737772,2036.9935292295509,2105.0421914692083,2164.0642575943675
26,46.529680365296805,1796.0811701426219,187.2946688995861,1428.990364603079,1488.0088546944626,1556.0533939961997,1669.752835703482,1796.0811701426219,1922.4095045817617,2036.108946289044,2104.153485590781,2163.171975682165
27,46.78082191780822,1795.1799012007677,187.28394214631928,1428.1101197112987,1487.1252296916246,1555.1658719417878,1668.8588018467594,1795.1799012007677,1921.501000554776,2035.1939304597477,2103.234572709911,2162.2496826902366
28,47.03196347031963,1794.24743409458,187.2738101900248,1427.1975108745412,1486.209428170496,1554.2463894600514,1667.9331686412418,1794.24743409458,1920.5616995479184,2034.2484787291087,2102.285440018664,2161.2973573146187
29,47.28310502283105,1793.2838017709846,187.26424693435723,1426.2526221876292,1485.261526002671,1553.2950129417284,1666.9759866355726,1793.2838017709846,1919.5916169063967,2033.2725906002408,2101.3060775392983,2160.31498135434
30,47.534246575342465,1792.289038577612,187.25522713167814,1425.2755374826552,1484.2815990644494,1552.3118090906003,1665.987307206656,1792.289038577612,1918.590769948568,2032.2662680646238,2100.2964780907746,2159.302539672569
31,47.78538812785388,1791.263180261989,187.24672636606397,1424.266340361477,1483.2697232639787,1551.2968449444584,1664.9671825703085,1791.263180261989,1917.5591779536694,2031.2295155795196,2099.256637259999,2158.260020162501
32,48.0365296803653,1790.2062639698393,187.23872103637237,1423.225114227207,1482.225974567407,1550.2501878951075,1663.9156657909825,1790.2062639698393,1916.496862148696,2030.162340044571,2098.186553372271,2157.1874137124714
33,48.28767123287671,1789.1183282423513,187.23118833911334,1422.1519423150532,1481.1504290243263,1549.1719057075845,1662.8328107905872,1789.1183282423513,1915.4038456941153,2029.064750777118,2097.086227460376,2156.084714169649
34,48.53881278538813,1787.9994130133734,187.22410625150297,1421.0469077227272,1480.0431627928408,1548.062066539071,1661.7186723571126,1787.9994130133734,1914.2801536696343,2027.9367594876758,2095.955663233906,2154.9519183040197
35,48.789954337899545,1786.8495596105113,187.21745351439347,1419.9100934449982,1478.9042521687425,1546.9207389618668,1660.5733061572414,1786.8495596105113,1913.1258130637812,2026.7783802591557,2094.79486705228,2153.789025776024
36,49.04109589041096,1785.6688107459402,187.21120961543855,1418.7415823975018,1477.7337736040135,1545.7479919757766,1659.3967687385168,1785.6688107459402,1911.9408527533635,2025.5896295161037,2093.603847887867,2152.5960390943783
37,49.29223744292237,1784.4572105231373,187.20535477204777,1417.54145745688,1476.5318037415973,1544.5438950366872,1658.1891175475698,1784.4572105231373,1910.7253034987048,2024.3705260095874,2092.3826173046773,2151.3729635893947
38,49.54337899543379,1783.2148044256405,187.19986991463227,1416.309801482378,1475.2984194317137,1543.3085180667981,1656.9504109301813,1783.2148044256405,1909.4791979210997,2023.121090784483,2091.1311894195674,2150.119807368903
39,49.794520547945204,1781.9416393210934,187.19473666966718,1415.0466973530863,1474.0336977637653,1542.041931480372,1655.6807081467482,1781.9416393210934,1908.2025704954385,2021.8413471618146,2089.849580878421,2148.8365812891006
40,50.045662100456624,1780.6377634533292,187.1899373430957,1413.7522279925522,1472.7377160857193,1540.7442061970892,1654.3800693755643,1780.6377634533292,1906.895457531094,2020.5313207095692,2088.537810820939,2147.523298914106
41,50.29680365296804,1779.3032264429141,187.1854549036583,1412.4264764019972,1471.4105520320704,1539.4154136639527,1653.0485557246056,1779.3032264429141,1905.5578971612226,2019.1910392218756,2087.195900853758,2146.1799764838306
42,50.54794520547945,1777.9380792832958,187.18127296637508,1411.0695256888398,1470.0522835471602,1538.0556258726067,1651.686229238821,1777.9380792832958,1904.1899293277706,2017.820532693985,2085.8238750194314,2144.806632877752
43,50.799086757990864,1776.542374335626,187.17737577601906,1409.6814590939084,1468.6629889071824,1536.6649153753388,1650.2931529061007,1776.542374335626,1902.7915957651512,2016.4198332959131,2084.4217597640695,2143.4032895773435
44,51.050228310502284,1775.116165330934,187.17374819094903,1408.2623600253048,1467.24274674895,1535.2433553079725,1648.8693906703566,1775.116165330934,1901.3629399915117,2014.9889753538957,2082.989583912918,2141.969970636563
45,51.3013698630137,1773.6595073611447,187.17037566684857,1406.8123120812893,1465.7916360876593,1533.791019401724,1647.4150074335053,1773.6595073611447,1899.9040072887842,2013.5279953205654,2081.52737863463,2140.506702641
46,51.55251141552512,1772.1724568785592,187.16724424074843,1405.3313990810802,1464.3097363426518,1532.3079820031594,1645.9300690657278,1772.1724568785592,1898.4148446913905,2012.036931753959,2080.0351774144665,2139.013514676038
47,51.80365296803653,1770.6550716916242,187.16434051506073,1403.8197050919143,1462.7971273594462,1530.7943180904256,1644.4146424120065,1770.6550716916242,1896.895500971242,2010.515825292823,2078.5130160238023,2137.490438291334
48,52.054794520547944,1769.107410963796,187.16165164184972,1402.2773144587386,1461.2538894344714,1529.2501032922703,1642.8687953015988,1769.107410963796,1895.346026625993,2008.9647186353216,2076.9609324931203,2135.9375074688533
49,52.30593607305936,1767.5295352066448,187.1591653073027,1400.7043118277531,1459.6801033337179,1527.6754139010504,1641.2925965516151,1767.5295352066448,1893.7664738616745,2007.3836565122392,2075.378967079572,2134.3547585855363
50,52.55707762557078,1765.9215062757623,187.15686971631547,1399.1007821725289,1458.0758503139966,1526.0703268883915,1639.6861159733241,1765.9215062757623,1892.1568965782005,2005.7726856631332,2073.767162237528,2132.742230378996
51,52.80821917808219,1764.2833873733096,187.1547535773088,1397.4668108263154,1456.441212150464,1524.4349199271956,1638.0494243849414,1764.2833873733096,1890.5173503616777,2004.1318548194236,2072.125562596155,2131.0999639203037
52,53.05936073059361,1762.6152430345853,187.1528060870452,1395.802483498368,1454.7762711481632,1522.7692713976676,1636.3825936084386,1762.6152430345853,1888.847892460732,2002.461214671503,2070.4542149210074,2129.4280025708026
53,53.31050228310502,1760.9171391328032,187.1510169160629,1394.1078863072735,1453.0811101707607,1521.0734604107588,1634.6856964841452,1760.9171391328032,1887.1485817814612,2000.7608178548476,2068.7531680948455,2127.726391958333
54,53.56164383561644,1759.1891428689905,187.1493761938312,1392.3831057999437,1451.3558126548617,1519.3475668170909,1632.9588068706607,1759.1891428689905,1885.4194788673203,1999.0307189208902,2067.022473083119,2125.9951799380374
55,53.81278538812785,1757.43132277021,187.14787449445421,1390.6282289778576,1449.600462631748,1517.5916712234978,1631.2019996527179,1757.43132277021,1883.6606458877022,1997.2709743169223,2065.262182908672,2124.2344165625627
56,54.06392694063927,1755.6437486867105,187.14650282240228,1388.8433433221785,1447.8151447479981,1515.8058550084638,1629.4153507479582,1755.6437486867105,1881.8721466254628,1995.4816423649572,2063.472352625423,2122.4441540512425
57,54.31506849315068,1753.8264917855329,187.14525259869262,1387.0285368144444,1445.999944281824,1513.9902003334387,1627.598937109858,1753.8264917855329,1880.0540464612077,1993.662783237627,2061.653039289242,2120.624446756621
58,54.5662100456621,1751.9796245472232,187.14411564698474,1385.1838979605343,1444.1549471626545,1512.1447901573702,1625.7528367338218,1751.9796245472232,1878.2064123606247,1991.8144589370763,2059.804301931792,2118.775351133912
59,54.817351598173516,1750.1032207587423,187.14308418028008,1383.3095158096457,1442.2802399859238,1510.2697082466593,1623.8771286590609,1750.1032207587423,1876.3293128584237,1989.9367332708252,2057.9262015315608,2116.896925707839
60,55.06849315068493,1748.197355511475,187.14215078751172,1381.405479978588,1440.375910033137,1508.3650391903557,1621.9718929756489,1748.197355511475,1874.4228180473012,1988.0296718325944,2056.018800989813,2114.989231044362
61,55.31963470319634,1746.2621051995147,187.14130842072194,1379.4718806751973,1438.442045291246,1506.4308684148737,1620.037210831454,1746.2621051995147,1872.4869995675754,1986.0933419841558,2054.082165107783,2113.052329723832
62,55.57077625570776,1744.297547506646,187.140550382266,1377.5088087104011,1436.478734460681,1504.4672821873748,1618.0731644277541,1744.297547506646,1870.5219305855378,1984.127812825917,2052.116360552611,2111.0862863028906
63,55.821917808219176,1742.3037614083087,187.1398703123803,1375.5163555245467,1434.4860669777618,1502.4743676336643,1616.0798370295843,1742.3037614083087,1868.527685787033,1982.133155182953,2050.1214558388556,2109.0911672920706
64,56.073059360730596,1740.2808271640367,187.139262176989,1373.4946132037394,1432.4641330271938,1500.452212746255,1614.0573129664003,1740.2808271640367,1866.5043413616731,1980.1094415818184,2048.0975213008796,2107.067041124334
65,56.32420091324201,1738.228826313379,187.13872025588313,1371.4436744989316,1430.4130235574326,1498.4009063954388,1612.0056776359738,1738.228826313379,1864.451974990784,1978.056746231319,2046.0446290693253,2105.0139781278262
66,56.57534246575342,1736.1478416707998,187.1382391309894,1369.3636328438163,1428.3328302948798,1496.3205383392205,1609.9250175072043,1736.1478416707998,1862.3706658343954,1975.9751450023791,2043.9628530467196,2102.932050497783
67,56.826484018264836,1734.037957318942,187.1378136752067,1367.2545823699697,1426.2236457555093,1494.2111992308871,1607.815420120911,1734.037957318942,1860.260494516973,1973.864715406997,2041.8522688823746,2100.8213322679144
68,57.077625570776256,1731.8992586036704,187.13743904123456,1365.1166179237907,1424.0855632582857,1492.0729806283691,1605.6769740924137,1731.8992586036704,1858.1215431149271,1971.7255365789717,2039.7129539490552,2098.68189928355
69,57.32876712328767,1729.7318321307166,187.13711065095936,1362.9498350839492,1421.918676939267,1489.9059750044867,1603.5097691153346,1729.7318321307166,1855.9538951460986,1969.5576892569466,2037.544987322166,2096.513829177484
70,57.57990867579909,1727.5357657591162,187.1368241849413,1360.754330175427,1419.7230817623354,1487.71027575386,1601.3138959621272,1727.5357657591162,1853.7576355561052,1967.3612557643723,2035.3484497558968,2094.317201342805
71,57.8310502283105,1725.311148593385,187.13657557245048,1358.530200281224,1417.4988735277616,1485.4859771978556,1599.0894464829728,1725.311148593385,1851.5328507037973,1965.1363199889145,2033.1234236590085,2092.092096905546
72,58.082191780821915,1723.0580709823128,187.13636098147,1356.2775432607448,1415.2461488874417,1483.2331745961903,1596.8365136113173,1723.0580709823128,1849.2796283533082,1962.8829673684352,2030.8699930771836,2089.8385987038805
73,58.33333333333333,1720.7766245088344,187.1361768094221,1353.9964577578473,1412.9650053500243,1480.9519641486884,1594.5551913599975,1720.7766245088344,1846.9980576576713,1960.6012848689804,2028.5882436676443,2087.5567912598212
74,58.58447488584475,1718.4669019877178,187.13601967402096,1351.6870432164578,1410.6555412936423,1478.6424430046911,1592.2455748250984,1718.4669019877178,1844.6882291503373,1958.2913609707446,2026.2782626817932,2085.246760758978
75,58.83561643835616,1716.1289974571189,187.13588640418982,1349.349399889928,1408.3178559724083,1476.304709266253,1589.9077601836345,1716.1289974571189,1842.3502347306032,1955.9532856479848,2023.9401389418292,2082.9085950243098
76,59.08675799086758,1713.7630061731088,187.13577403196206,1346.983628851437,1405.9520495242648,1473.9388619930473,1587.5418446935403,1713.7630061731088,1839.9841676526773,1953.5871503531703,2021.5739628219526,2080.5423834947806
77,59.337899543378995,1711.3690246051328,187.13567978394863,1344.589832006173,1403.5582229804754,1471.5450012087604,1585.1479266948834,1711.3690246051328,1837.5901225153823,1951.1930480015053,2019.17982622979,2078.1482172040924
78,59.58904109589041,1708.9471504290755,187.13560107385217,1342.1681120990702,1401.1364782710057,1469.1232279037504,1582.7261056079792,1708.9471504290755,1835.1681952501717,1948.7710729544006,2016.757822587145,2075.7261887590807
79,59.84018264840182,1706.497482520221,187.1355354948473,1339.7185727227034,1398.6869182300152,1466.6736440377722,1580.2764819314914,1706.497482520221,1832.7184831089505,1946.3213210026697,2014.3080468104265,2073.2763923177386
80,60.09132420091324,1704.0201209477573,187.13548081235797,1337.2413183259491,1396.2096466022426,1464.1963525437384,1577.7991572418064,1704.0201209477573,1830.2410846537082,1943.8438893517762,2011.830595293272,2070.798923569565
81,60.342465753424655,1701.515166968583,187.13543495746933,1334.7364542207051,1393.704768047648,1461.6914573299682,1575.2942341912842,1701.515166968583,1827.7360997458816,1941.3388766071976,2009.3255658895177,2068.2938797164607
82,60.593607305936075,1698.982723020131,187.13539602045182,1332.2040865874053,1391.1723881448906,1459.1590632813122,1572.7618165054516,1698.982723020131,1825.2036295348105,1938.80638275895,2006.7930578953715,2065.7613594528566
83,60.84474885844749,1696.422892713351,187.13536224464406,1329.644322479992,1388.6126133943706,1456.5992762599717,1570.2020089801078,1696.422892713351,1822.6437764465943,1936.2465091667304,2004.2331720323314,2063.20146294671
84,61.0958904109589,1693.8357808284943,187.13533202074754,1327.0572698328838,1386.0255512233996,1454.0122031085966,1567.6149174809595,1693.8357808284943,1820.056644176029,1933.659358548392,2001.6460104335888,2060.614291824105
85,61.347031963470315,1691.2214933059772,187.1353038815601,1324.4430374621606,1383.411309985727,1451.3979516478994,1565.000648938036,1691.2214933059772,1817.4423376739185,1931.045034964055,1999.0316766262272,2057.999949149794
86,61.598173515981735,1688.5801372405508,187.13527649692844,1321.8017350696261,1380.7699989640114,1448.7566306772906,1562.3593113432628,1688.5801372405508,1814.8009631378388,1928.403643803811,1996.3902755170902,2055.3585394114752
87,61.84931506849315,1685.911820875154,187.13524866902745,1319.1334732459131,1378.1017283714384,1446.0883499747838,1559.6910137475002,1685.911820875154,1812.132628002808,1925.7352917755243,1993.7219133788694,2052.690168504395
88,62.10045662100457,1683.2166535914243,187.13521932838805,1316.43836346878,1375.4066093487659,1443.3932202925964,1556.995866253731,1683.2166535914243,1809.4374409291177,1923.0400868902523,1991.0266978340826,2049.9949437140685
89,62.35159817351598,1680.4947459070281,187.13518752966658,1313.7165181087325,1372.684753968612,1440.6713533599016,1554.2739800172465,1680.4947459070281,1806.7155117968098,1920.3181384541547,1988.3047378454442,2047.2729737053237
90,62.602739726027394,1677.7462094638418,187.13515244842785,1310.9680504235107,1369.9362752289285,1437.9228618751315,1551.525467235996,1677.7462094638418,1803.9669516916874,1917.569557052552,1985.556143698755,2044.5243685041728
91,62.85388127853881,1674.9711570234256,187.13511337774293,1308.1930745602297,1367.16128705407,1435.147859505813,1548.7504411483562,1674.9711570234256,1801.191872898495,1914.7944545410382,1982.7810269927809,2041.7492394866213
92,63.10502283105023,1672.1697024618343,187.1350697256715,1305.3917055551262,1364.3599042937467,1432.346460886602,1545.9490160296398,1672.1697024618343,1798.3903888940288,1911.9929440370665,1979.9795006299216,2038.9476993685423
93,63.35616438356164,1669.341960756283,187.13502101262054,1302.5640593254004,1361.532242714034,1429.5187816093376,1543.121307180542,1669.341960756283,1795.562614332024,1909.1651399032285,1977.151678798532,2036.1198621871654
94,63.60730593607306,1666.4880479849749,187.13496686951888,1299.7102526726217,1358.6784190002031,1426.664938225206,1540.267430928201,1666.4880479849749,1792.7086650417486,1906.3111577447437,1974.2976769697466,2033.265843297328
95,63.858447488584474,1663.6080813128453,187.13490703607064,1296.8304032718956,1355.7985507453377,1423.7850482327258,1537.387504613119,1663.6080813128453,1789.8286580125716,1903.431114392965,1971.4176118803528,2030.385759353795
96,64.10958904109589,1660.7021789898831,187.1348413594034,1293.9246296728359,1352.89275645088,1420.8792300777993,1534.4816465883957,1660.7021789898831,1786.9227113913705,1900.525127901967,1968.511601528886,2027.4797283069304
97,64.3607305936073,1657.770460338979,187.13476979345054,1290.993051288622,1349.961155515493,1417.9476031423542,1531.5499762079935,1657.770460338979,1783.9909444699647,1897.593317535604,1965.579765162465,2024.547869389336
98,64.61187214611871,1654.8130457523005,187.13469239812292,1288.035788393998,1347.0038682327997,1414.9902877417787,1528.59261382367,1654.8130457523005,1781.033477680931,1894.6358037628222,1962.622223271801,2021.590303110603
99,64.86301369863014,1651.8300566806506,187.13460933934692,1285.0529621145577,1344.021015780679,1412.0074051142333,1525.6096807743131,1651.8300566806506,1778.050432586988,1891.652708247068,1959.6390975806223,2018.6071512467433
100,65.11415525114155,1648.8216156268734,187.13452088933542,1282.0446944196174,1341.012720214224,1408.9990774137068,1522.6012993791621,1648.8216156268734,1775.0419318745846,1888.64415384004,1956.6305110395228,2015.5985368341292
101,65.36529680365297,1645.787846135832,187.1344274269886,1279.0111081114098,1337.9791044550627,1405.9654276994825,1519.5675929275158,1645.787846135832,1772.0080993441484,1885.6102645721817,1953.5965878166012,2012.564584160254
102,65.61643835616438,1642.728872791268,187.1343294392513,1275.9523268192818,1334.9202922859838,1402.9065799312566,1516.5086856746761,1642.728872791268,1768.94905990786,1882.5511656512795,1950.5374532965523,2009.505418763254
103,65.8675799086758,1639.6448212039913,187.13422752205005,1272.868474986049,1331.8364083375852,1399.8226589561286,1513.4247028295072,1639.6448212039913,1765.8649395784755,1879.466983451854,1947.4532340703975,2006.4211674219337
104,66.11872146118722,1636.5358180053768,187.13412238246235,1269.7596778572397,1328.727578078203,1396.7137904993174,1510.3157705464669,1636.5358180053768,1762.7558654642867,1876.3578455114362,1944.3440579325506,2003.3119581535138
105,66.36986301369863,1633.401990836395,187.13401484055828,1266.6260614665168,1325.593927799912,1393.580101150831,1507.182015913397,1633.401990836395,1759.621965759393,1873.223880521959,1941.210053872878,2000.1779202062733
106,66.62100456621005,1630.243468343895,187.13390583196727,1263.4677526269293,1322.4355846105882,1390.4217183584615,1504.0235669460744,1630.243468343895,1756.4633697417157,1870.0652183293287,1938.0513520772017,1997.0191840608609
107,66.87214611872146,1627.0603801690631,187.1337964108477,1260.2848789135508,1319.2526764174818,1387.2387704124367,1500.8405525746662,1627.0603801690631,1753.28020776346,1866.8819899256896,1934.8680839206445,1993.8358814245755
108,67.12328767123287,1623.8528569423788,187.1336877530563,1257.0775686522243,1316.0453319169596,1384.0313864363152,1497.6331026365483,1623.8528569423788,1750.0726112482093,1863.6743274484425,1931.6603819677978,1990.6281452325334
109,67.37442922374429,1620.6210302701447,187.13358115974165,1253.8459508990477,1312.813680575126,1380.7996963689102,1494.4013478604124,1620.6210302701447,1746.840712679877,1860.4423641713793,1928.4283799651635,1987.3961096412415
110,67.6255707762557,1617.3650327303842,187.13347806139006,1250.5901554283432,1309.557852617063,1377.5438309550036,1491.1454198594333,1617.3650327303842,1743.584645601335,1857.1862345057648,1925.1722128437054,1984.1399100324252
111,67.87671232876713,1614.0849978647855,187.13338002215417,1247.310312716116,1306.277979011657,1374.2639217317412,1487.8654511202942,1614.0849978647855,1740.3045446092767,1853.9060739978297,1921.892016717914,1980.859683013455
112,68.12785388127854,1610.781060165379,187.1332887445592,1244.0065539175082,1302.9741914505335,1370.9601010092792,1484.56157498669,1610.781060165379,1737.0005453440679,1850.6020193214786,1918.5879288802241,1977.5555664132496
113,68.37899543378995,1607.4533550705678,187.13320607460454,1240.6790108528307,1299.6466223356972,1367.632501860278,1481.2339256519158,1607.4533550705678,1733.6727844892198,1847.2742082808577,1915.2600878054384,1974.2276992883048
114,68.63013698630137,1604.1020189540486,187.13313400727526,1237.3278159856814,1296.295404759386,1364.2812581017574,1477.8826381440717,1604.1020189540486,1730.3213997640255,1843.9227798063398,1911.9086331487113,1970.8762219224157
115,68.88127853881278,1600.7271891189566,187.13307469221533,1233.9531024059706,1292.9206724888854,1360.9065042819734,1474.5078483163795,1600.7271891189566,1726.9465299215337,1840.5478739559398,1908.5337057490278,1967.5012758319426
116,69.1324200913242,1597.3290037840684,187.13303043999517,1230.5550038038402,1289.522559942422,1357.5083756585873,1471.1096928291604,1597.3290037840684,1723.5483147389764,1837.1496319095495,1905.1354476257147,1964.1030037642965
117,69.38356164383562,1593.907602080283,187.13300372862324,1227.1336544533817,1286.1012021749334,1354.0870081868022,1467.6883091419213,1593.907602080283,1720.1268950186445,1833.7281959737636,1901.7140019856322,1960.681549707184
118,69.63470319634703,1590.4631240383492,187.13299721031143,1223.6891891871041,1282.6567348546687,1350.6425384984213,1464.2438354965223,1590.4631240383492,1716.682412580176,1830.283709578277,1898.2695132220297,1957.237058889594
119,69.88584474885845,1586.9957105803237,187.13301371884194,1220.2217433729536,1279.1892942425268,1347.1751038838627,1460.776410903662,1586.9957105803237,1713.2150102569854,1826.8163172767847,1894.8021269181204,1953.7696777876938
120,70.13698630136986,1583.5055035131863,187.13305627698733,1216.731452893384,1275.6990171734697,1343.6848422762673,1457.2861751314917,1583.5055035131863,1709.724831894881,1823.3261647501054,1891.311989852903,1950.2795541329886
121,70.38812785388127,1579.9926455154023,187.1331281045828,1213.2184541160998,1272.1860410298045,1340.171892227716,1453.773268686731,1579.9926455154023,1706.2120223440736,1819.8133988030886,1887.7992500009998,1946.7668369147048
122,70.63926940639269,1576.4572801319532,187.1332326265983,1209.6828838732647,1268.6505037229392,1336.6363928939143,1450.2378328042537,1576.4572801319532,1702.6767274596527,1816.2781673699922,1884.264056540967,1943.2316763906417
123,70.89041095890411,1572.8995517627818,187.13337348172186,1206.124879433124,1265.092543667707,1333.0784840116387,1446.6800094297453,1572.8995517627818,1699.1190940958184,1812.720619513925,1880.7065598578565,1939.6742240924395
124,71.14155251141553,1569.31960565375,187.13355453146352,1202.5445784731191,1261.512299758351,1329.498305878027,1443.0999412045182,1569.31960565375,1695.5392701029816,1809.140905429473,1877.1269115491489,1936.0946328343807
125,71.39269406392694,1565.717587889868,187.13377986917936,1198.9421190554297,1257.9099113469097,1325.8959993322424,1439.4977714526565,1565.717587889868,1691.9374043270793,1805.5391764474934,1873.525264432826,1932.493056724306
126,71.64383561643835,1562.0936453815289,187.1340538296968,1195.3176395943433,1254.28551821362,1322.2717057293735,1435.8736441607566,1562.0936453815289,1688.313646602301,1801.9155850336842,1869.9017725494377,1928.8696511687144
127,71.89497716894977,1558.447925859304,187.13438099917062,1191.6712788317327,1250.6392605454994,1318.625566922597,1432.227703966075,1558.447925859304,1684.6681477525328,1798.2702847960109,1866.2565911731085,1925.224572886875
128,72.14611872146119,1554.7805778631143,187.13476622537544,1188.0031758060559,1246.9712789085895,1314.9577252391616,1428.5600961387586,1554.7805778631143,1681.00105958747,1794.603430487067,1862.589876817639,1921.5579799201728
129,72.39726027397259,1551.0917507301542,187.13521462797846,1184.3134698201434,1243.2817142189815,1311.2683234551437,1424.870966562839,1551.0917507301542,1677.3125348974695,1790.9151780051648,1858.9017872413267,1917.870031640165
130,72.64840182648402,1547.3815945897616,187.13573160966968,1180.6023004142553,1239.570707719379,1307.5575047760553,1421.1604617235944,1547.3815945897616,1673.6027274559287,1787.2056844034678,1855.1924814601439,1914.1608887652678
131,72.89954337899543,1543.6502603521744,187.13632286689915,1176.8698073337928,1235.8384009501935,1303.8254128118401,1417.4287286890662,1543.6502603521744,1669.8717920152826,1783.4751078925087,1851.462119754155,1910.430713370556
132,73.15068493150685,1539.897899698516,187.13699440154943,1173.1161304964053,1232.0849357203301,1300.0721915518993,1413.6759150921694,1539.897899698516,1666.1198843048628,1779.7236078451328,1847.710863676702,1906.6796689006267
133,73.40182648401827,1536.1246650703517,187.13775253241633,1169.3414099590464,1228.3104540778595,1296.2979853399356,1409.902169112506,1536.1246650703517,1662.3471610281974,1775.9513448007679,1843.9388760628437,1902.9079201816571
134,73.65296803652967,1532.330709661058,187.1386039073479,1165.5457858855495,1224.5150982814218,1292.5029388497655,1406.1076394595475,1532.330709661058,1658.5537798625687,1772.1584804723507,1840.1463210406941,1899.1156334365667
135,73.9041095890411,1528.516187406809,187.13955551541284,1161.7293985137658,1220.6990107711956,1288.687197060711,1402.2924753554123,1528.516187406809,1654.7398994582056,1768.345177752907,1836.333364042422,1895.3029762998522
136,74.15525114155251,1524.6812529780339,187.14061469933642,1157.8923881226474,1216.8623341399023,1284.8509052331203,1398.4568265179373,1524.6812529780339,1650.9056794381304,1764.5116007229474,1832.5001718161652,1891.4701178334203
137,74.40639269406392,1520.826061763445,187.14178916845586,1154.0348949908835,1213.0052110955226,1280.994208875793,1394.6008431359655,1520.826061763445,1647.0512803909246,1760.6579146510971,1828.6469124313674,1887.6172285360067
138,74.65753424657534,1516.9507698677187,187.14308701151512,1150.1570593695033,1209.1277844379329,1277.117253727262,1390.7246758583983,1516.9507698677187,1643.176863877039,1756.7842860081753,1824.7737552975043,1883.744480365934
139,74.90867579908675,1513.0555340955832,187.14451671028291,1146.2590214392744,1205.2301970205938,1273.2201857224325,1386.828475769098,1513.0555340955832,1639.2825924220683,1752.890882468734,1820.8808711705724,1879.852046751892
140,75.15981735159818,1509.140511947637,187.14608715275224,1142.3409212806482,1201.312591724656,1269.303150971481,1382.912394373803,1509.140511947637,1635.368629521471,1748.9778729237928,1816.9684321706177,1875.9401026146254
141,75.41095890410958,1505.205861606176,187.14780764716244,1138.402898832108,1197.3751114217243,1265.3662957277154,1378.9765835764972,1505.205861606176,1631.435139635855,1745.0454274846368,1813.0366117906276,1872.0088243802443
142,75.662100456621,1501.2517419265503,187.14968793590938,1134.4450938542575,1193.4178989423335,1261.4097663611021,1375.0211956613841,1501.2517419265503,1627.4822881917164,1741.0937174919984,1809.085584910767,1868.0583899988428
143,75.91324200913242,1497.2783124261903,187.15173820975056,1130.4676458910103,1189.4410970416095,1257.4337093290912,1371.046383272333,1497.2783124261903,1623.5102415800475,1737.1229155232893,1805.1155278107708,1864.08897896137
144,76.16438356164383,1493.285733277565,187.15396912237935,1126.47069423398,1185.4448483682554,1253.438271150894,1367.0522993960062,1493.285733277565,1619.5191671591238,1733.133195404236,1801.1266181868746,1860.1007723211499
145,76.41552511415526,1489.2741652940633,187.15639180495444,1122.4543778798852,1181.4292954265331,1249.4235983747453,1363.0390973379397,1489.2741652940633,1615.509233250187,1729.1247322133813,1797.1190351615935,1856.0939527082414
146,76.66666666666666,1485.2437699220836,187.1590178811016,1118.4188354932364,1177.394580543678,1245.389837550768,1359.0069307045155,1485.2437699220836,1611.4806091396517,1725.0977022933992,1793.092959300489,1852.0687043509306
147,76.91780821917808,1481.1947092316352,187.16185948184943,1114.3642053676638,1173.3408458359331,1241.3371352024326,1354.9559533834883,1481.1947092316352,1607.433465079782,1721.0522832608378,1789.048572627337,1848.0252130956064
148,77.1689497716895,1477.1271459045438,187.16492926098027,1110.2906253840356,1169.2682331715046,1237.2656377950902,1350.886319521838,1477.1271459045438,1603.3679722872496,1716.9886540139973,1784.986058637583,1843.963666425052
149,77.42009132420091,1473.0412432253736,187.16824041041963,1106.1982329712166,1165.1768841361695,1233.1754917071721,1346.7981835063094,1473.0412432253736,1599.2843029444377,1712.906994743575,1780.9056023145774,1839.8842534795303
150,77.67123287671232,1468.937165068931,187.17180667576872,1102.0871650631307,1161.066939995233,1229.0668431977883,1342.6916999404425,1468.937165068931,1595.1826301974197,1708.8074869400739,1776.8073901426292,1835.7871650747315
151,77.92237442922374,1464.8150758942315,187.17564237227538,1097.9575580614223,1156.9385416612226,1224.9398383802259,1338.5670236277645,1464.8150758942315,1591.0631281606986,1704.6903134082372,1772.6916101272404,1831.6725937270405
152,78.17351598173516,1460.6751407306406,187.17976240049467,1093.8095477909064,1152.791829654272,1220.7946231880203,1334.424309547369,1460.6751407306406,1586.9259719139122,1700.5556582732609,1768.558451807009,1827.5407336703747
153,78.42465753424656,1456.517525166929,187.1841822625515,1089.6432694567468,1148.6269440644257,1216.6313433431703,1330.263712832003,1456.517525166929,1582.7713375018552,1696.4037069906879,1764.4081062694324,1823.3917808771112
154,78.67579908675799,1452.3423953454894,187.18891807817755,1085.4588576072426,1144.444024519477,1212.450144329801,1326.0853887514647,1452.3423953454894,1578.599401939514,1692.2346463611777,1760.2407661715017,1819.225933083736
155,78.9269406392694,1448.1499179472949,187.19398660112734,1081.2564460866117,1140.2432101429251,1208.2511713580852,1321.8894926864918,1448.1499179472949,1574.4103432080979,1688.0486645365045,1756.0566257516643,1815.0433898079777
156,79.17808219178082,1443.940260184616,187.19940523558952,1077.0361679955415,1136.024639519698,1204.0345693359282,1317.676180110408,1443.940260184616,1570.2043402588238,1683.8459510333037,1751.8558808495338,1810.84435237369
157,79.42922374429224,1439.7135897875803,187.20519205274678,1072.7981556452926,1131.7884506554728,1199.800482834305,1313.4456065645136,1439.7135897875803,1565.981573010647,1679.6266967408556,1747.6387289196878,1806.629023929868
158,79.68036529680364,1435.4700749974272,187.21136580728916,1068.542540518587,1127.5347809427687,1195.549056059353,1309.1979276402014,1435.4700749974272,1561.742222354653,1675.3910939355014,1743.4053690520857,1802.3976094762672
159,79.93150684931507,1431.2098845512035,187.21794595433389,1064.2694532211426,1123.2637671178127,1191.2804328153825,1304.9332989522413,1431.2098845512035,1557.4864701501656,1671.1393362870244,1739.1560019845942,1798.1503158812643
160,80.18264840182648,1426.9331876788879,187.22495266599796,1059.9790234463153,1118.9755452304032,1186.9947564807644,1300.6518761247257,1426.9331876788879,1553.21449923305,1666.8716188770113,1734.8908301273723,1793.8873519114602
161,80.4337899543379,1422.6401540837724,187.23240684833334,1055.6713799222885,1114.6702505964374,1182.6921699666073,1296.3538147600289,1422.6401540837724,1548.9264934075159,1662.5881382009375,1730.610057571107,1789.6089282452563
162,80.68493150684931,1418.3309539382094,187.24033015843767,1051.3466503742825,1110.348017765512,1178.3728156905759,1292.039270423013,1418.3309539382094,1544.6226374534058,1658.289092185843,1726.3138901109069,1785.315257502136
163,80.93607305936072,1414.0057578710935,187.24874502092118,1047.004961479764,1106.0089804813197,1174.0368355432702,1287.7083986174025,1414.0057578710935,1540.3031171247844,1653.9746801989168,1722.002535260867,1781.0065542624227
164,81.18721461187215,1409.6647369567315,187.25767464526595,1042.646438823291,1101.653271641967,1169.6843708548495,1283.361354762947,1409.6647369567315,1535.968119150516,1649.6451030586136,1717.676202271496,1776.683035090172
165,81.43835616438355,1405.308062707885,187.26714304274626,1038.2712068563917,1097.2810232651836,1165.315562366389,1278.9982941770493,1405.308062707885,1531.6178312387208,1645.300563049381,1713.3351021505864,1772.3449185593781
166,81.68949771689498,1400.9359070565235,187.27717504328527,1033.879388845281,1092.8923664413498,1160.9305501890312,1274.6193720441502,1400.9359070565235,1527.252442068897,1640.9412639240159,1708.979447671697,1767.992425267766
167,81.94063926940639,1396.5484423542678,187.28779631252777,1029.4711068378397,1088.4874313058579,1156.5294737825495,1270.2247434046562,1396.5484423542678,1522.8721413038793,1636.567410925986,1704.6094534026777,1763.6257778706959
168,82.1917808219178,1392.1458413545913,187.29903336865877,1025.0464816128542,1084.066346993648,1152.1124719159964,1265.8145631257971,1392.1458413545913,1518.4771195833855,1632.1792107931863,1700.2253357155346,1759.2452010963284
169,82.44292237442923,1387.7282772041976,187.31091359955133,1020.6056326377832,1079.6292416023816,1147.6796826371033,1261.3889858814364,1387.7282772041976,1514.067568526959,1627.776871771292,1695.8273128060134,1754.850921770612
170,82.69406392694063,1383.2959234320704,187.3234652794202,1016.1486780251674,1075.1762421540977,1143.23124323999,1256.9481661298898,1383.2959234320704,1509.643680734251,1623.3606036241508,1691.4156047100428,1750.4431688389732
171,82.94520547945206,1378.8489539391462,187.33671758569596,1011.6757344892306,1070.7074745571304,1138.7672902332108,1252.4922580922162,1378.8489539391462,1505.2056497860763,1618.9306176450816,1686.9904333211618,1746.0221733890617
172,83.19634703196347,1374.387542988023,187.35070061568965,1007.1869173029249,1066.2230635684064,1134.2879593081082,1248.0214157306855,1374.387542988023,1500.7536702453604,1614.4871266679377,1682.5520224076395,1741.588168673121
173,83.44748858447488,1369.911865190446,187.3654454033479,1002.6823402525781,1061.723132753371,1129.7933853048241,1243.5357927249643,1369.911865190446,1496.2879376559276,1610.0303450760678,1678.1005976275208,1737.1413901283136
174,83.6986301369863,1365.4220955004787,187.38098393570124,998.1621155988257,1057.207804452105,1125.2837021843932,1239.0355424541915,1365.4220955004787,1491.8086485467659,1605.5604888165642,1673.6363865488524,1732.6820754021314
175,83.94977168949771,1360.9184091991463,187.3973491691159,993.6263540294019,1052.6771997372343,1120.7590429925576,1234.5208179706615,1360.9184091991463,1487.316000427631,1601.0777754057349,1669.159618661058,1728.2104643688904
176,84.20091324200914,1356.4009818863065,187.4145750458436,989.0751646185738,1048.1314383785816,1116.2195398304295,1229.9917719805305,1356.4009818863065,1482.8101917920824,1596.5824239421834,1664.6705253940313,1723.726799154039
177,84.45205479452054,1351.8699894711203,187.43269650984408,984.5086547865995,1043.5706388076087,1111.6653238246836,1225.4485568236175,1351.8699894711203,1478.2914221186231,1592.074655117557,1660.169340134632,1719.231324155641
178,84.70319634703196,1347.3256081580473,187.45174952293976,979.926930254062,1038.9949180768408,1107.0965250928496,1220.891324448501,1347.3256081580473,1473.7598918675935,1587.554691223245,1655.6562982392536,1714.7242860620324
179,84.95433789954338,1342.7680144381093,187.47177108039708,975.3300950025932,1034.404391825502,1102.5132727146074,1216.3202263932753,1342.7680144381093,1469.2158024829432,1583.0227561616111,1651.1316370507166,1710.2059338736253
180,85.20547945205479,1338.1973850785748,187.49279922652605,970.7182512339843,1029.7991742435393,1097.915694701481,1211.7354137647112,1338.1973850785748,1464.6593563924384,1578.4790754556686,1646.5955959136104,1705.676518923165
181,85.45662100456622,1333.613897113166,187.51487306998342,966.0914993303988,1025.1793780366588,1093.3039179674317,1207.137037218143,1333.613897113166,1460.0907570081893,1573.9238762589005,1642.0484161896734,1701.1362948959334
182,85.70776255707761,1329.0177278271804,187.53803279898327,961.4499378096816,1020.5451143864284,1088.6780682944886,1202.5252469323295,1329.0177278271804,1455.5102087220312,1569.357387359872,1637.490341267932,1696.5855178446789
183,85.95890410958904,1324.4090547509322,187.56231969586585,956.7936632902474,1015.8964929197556,1084.0382703075186,1197.90019259307,1324.4090547509322,1450.9179169087945,1564.7798391943459,1632.9216165821088,1692.024446211617
184,86.21004566210046,1319.788055646707,187.58777615189413,952.1227704490329,1011.233621671503,1079.384647442217,1193.2620233701775,1319.788055646707,1446.3140879232367,1560.191463851197,1628.342489621911,1687.4533408443813
185,86.46118721461187,1315.1549085013144,187.61444568141363,947.4373519862972,1006.5566070537511,1074.7173219195163,1188.6108879004814,1315.1549085013144,1441.6989291021473,1555.5924950831125,1623.7532099488776,1682.8724650163313
186,86.71232876712328,1310.5097915102951,187.6423729357488,942.7374985825941,1001.8655538171479,1070.0364147119826,1183.946934262662,1310.5097915102951,1437.0726487579284,1550.9831683086077,1619.1540292034424,1678.2820844379962
187,86.9634703196347,1305.8528830693874,187.671603716914,938.0232988633625,997.1605650198219,1065.3420455177104,1179.270309959468,1305.8528830693874,1432.4354561793068,1546.3637206210644,1614.5452011189527,1673.6824672754121
188,87.21461187214612,1301.1843617686527,187.70218499069443,933.2948393674169,992.4417419999927,1060.634332737686,1174.5811619030205,1301.1843617686527,1427.7875616342849,1541.7343907996194,1609.9269815373127,1669.0738841698885
189,87.46575342465752,1296.5044063731145,187.73416489991018,928.5522045015869,987.7091843347914,1055.9133934394265,1169.879636386504,1296.5044063731145,1423.129176359725,1537.0954193068026,1605.2996284114374,1664.456608244642
190,87.71689497716895,1291.813195817868,187.76759277643936,923.7954765122636,982.9629898155946,1051.179343336681,1165.1658790711679,1291.813195817868,1418.4605125645683,1532.447048299055,1600.6634018201414,1659.8309151234726
191,87.96803652968036,1287.1109091981411,187.80251915369186,919.0247354510113,978.2032544175677,1046.4322967635076,1160.4400349679727,1287.1109091981411,1413.7817834283096,1527.7895216327747,1596.0185639787146,1655.1970829452707
192,88.21917808219177,1282.397725752896,187.83899577807216,914.2400591357032,973.4300722644115,1041.672366643182,1155.7022484134611,1282.397725752896,1409.0932030923307,1523.1230848626099,1591.3653792413802,1650.5553923700886
193,88.4703196347032,1277.673824860429,187.87707562028075,909.4415231239705,968.6435356053742,1036.899664469317,1150.9526630577354,1277.673824860429,1404.3949866631226,1518.447985251541,1586.704114115484,1645.9061265968876
194,88.7214611872146,1272.9393860243379,187.91681288591425,904.6292006783935,963.8437347837805,1032.1143002782428,1146.1914218432737,1272.9393860243379,1399.687350205402,1513.764471770433,1582.035037264895,1641.2495713702822
195,88.97260273972603,1268.1945888618898,187.95826302592442,899.8031627343713,959.0307582081991,1027.3163826239725,1141.4186669862445,1268.1945888618898,1394.970510737535,1509.072795099807,1577.3584195155804,1636.586014989408
196,89.22374429223744,1263.4396130987152,188.0014827460543,894.9634778763202,954.204692331613,1022.5060185608031,1136.634539964836,1263.4396130987152,1390.2446862325944,1504.3732076366273,1572.6745338658172,1631.91574832111
197,89.47488584474885,1258.6746385510276,188.04653001628392,890.1102123013808,949.3656216181039,1017.6833136134292,1131.8391814951042,1258.6746385510276,1385.510095606951,1499.665963488626,1567.983655483951,1627.2390648006742
198,89.72602739726028,1253.8998451196605,188.093464079221,885.243429797009,944.5136285230873,1012.8483717602278,1127.032731519351,1253.8998451196605,1380.76695871997,1494.9513184790933,1563.2860617162337,1622.5562604423121
199,89.97716894977168,1249.1154127795255,188.14234545830732,880.36319171435,939.6487934692718,1008.0012954121987,1122.215329190047,1249.1154127795255,1376.015496369004,1490.2295301468523,1558.5820320897792,1617.8676338447008
200,90.22831050228311,1244.321521566457,188.1932359650904,875.4695569408318,934.7711948215438,1003.142185390491,1117.387112851771,1244.321521566457,1371.255930281143,1485.500857742423,1553.8718483113703,1613.1734861920822
201,90.47945205479452,1239.5183515692113,188.2461987061843,870.5625818785195,929.8809088675164,998.2711409094809,1112.548220028515,1239.5183515692113,1366.4884831099075,1480.7655622289417,1549.155794270906,1608.474121259903
202,90.73059360730593,1234.7060829153984,188.30129808921305,865.6423204183998,924.9780097936858,993.388259555087,1107.6987874056072,1234.7060829153984,1361.7133784251896,1476.0239062757098,1544.4341560371108,1603.769845412397
203,90.98173515981735,1229.8848957666467,188.35859982840302,860.7088239245843,920.0625696713969,988.4936372727678,1102.8389508211035,1229.8848957666467,1356.9308407121898,1471.2761542605253,1539.7072218618964,1599.060967608709
204,91.23287671232876,1225.0549703018808,188.41817094929624,855.762141208349,915.1346584323683,983.5873683447601,1097.9688452458872,1225.0549703018808,1352.1410953578743,1466.5225722590014,1534.9752821713932,1594.3477993954125
205,91.48401826484019,1220.2164867116128,188.48007979280914,850.8023185144712,910.1943438563077,978.6695453791671,1093.0886047752233,1220.2164867116128,1347.3443686480023,1461.7634280440586,1530.2386295669178,1589.6306549087544
206,91.73515981735159,1215.3696251850092,188.54439601848617,845.8293995019192,905.2416915526273,973.7402592928572,1088.1983626136293,1215.3696251850092,1342.540887756389,1456.9989910771612,1525.4975588173909,1584.9098508680993
207,91.98630136986301,1210.5145658987558,188.61119060703766,840.8434252277425,900.2767649451343,968.7995992970757,1083.2982510620295,1210.5145658987558,1337.730880735482,1452.2295325004359,1520.7523668523772,1580.1857065697689
208,92.23744292237443,1205.6514890095557,188.68053586204846,835.8444341362226,895.2996252617179,963.8476528877534,1078.3884015090998,1205.6514890095557,1332.9145765100116,1447.455325131358,1516.0033527573935,1575.4585438828888
209,92.48858447488584,1200.7805746403258,188.75250541084927,830.8324620433594,890.3103315191129,958.8845058305862,1073.4689444168775,1200.7805746403258,1328.092204863774,1442.6766434500653,1511.2508177615387,1570.728687237292
210,92.73972602739727,1195.9020028728085,188.82717420467858,825.8075421291676,885.3089405152452,953.9102421534396,1068.5400093132628,1195.9020028728085,1323.2639964323541,1437.8937635921773,1506.4950652303714,1565.996463616449
211,92.99086757990867,1191.0159537355314,188.90461851781149,820.7697049273427,880.2955068186247,948.9249441354245,1063.6017247805667,1191.0159537355314,1318.4301826904962,1433.1069633356383,1501.7364006524379,1561.2622025437202
212,93.2420091324201,1186.1226071932638,188.98491594579133,815.7189783181833,875.2700827607097,943.9286922986201,1058.6542184461596,1186.1226071932638,1313.590995940368,1428.3165220879073,1496.9751316258178,1556.5262360683441
213,93.4931506849315,1181.2221431378864,189.06814540297574,810.6553875242716,870.2327184308133,938.9215654020887,1053.697616974997,1181.2221431378864,1308.746669300776,1423.5227208736842,1492.2115678449593,1551.7888987515012
214,93.74429223744292,1176.3147413763709,189.15438711890246,805.5789551055748,865.1834616700612,933.903640434512,1048.7320460600495,1176.3147413763709,1303.8974366926923,1418.7258423182298,1487.4460210826805,1547.0505276471667
215,93.99543378995433,1171.4005816222323,189.24372263390723,800.4897009594865,860.1223580700514,928.8749926112603,1043.7576304167117,1171.4005816222323,1299.0435328277529,1413.9261706332043,1482.678805174413,1542.311462284978
216,94.24657534246575,1166.4798434856311,189.33623479347102,795.3876423220083,855.0494509722547,923.8356953717383,1038.774493776716,1166.4798434856311,1294.1851931945462,1409.1239915995238,1477.9102359990075,1537.5720446492537
217,94.49771689497717,1161.5527064595062,189.43200774193124,790.2727937662082,849.9647814644911,918.7858203735774,1033.7827588785087,1161.5527064595062,1289.3226540405037,1404.3195925454352,1473.140631454521,1532.8326191528042
218,94.74885844748857,1156.6193499139304,189.53112691484696,785.1451672115402,844.8683883878443,913.7254374967758,1028.7825474667534,1156.6193499139304,1284.4561523611073,1399.513262331085,1468.3703114400162,1528.0935326163205
219,95.0,1151.6799530840797,189.6336790306865,780.0047719281056,839.7603083383035,908.6546148423212,1023.773980285908,1151.6799530840797,1279.5859258822513,1394.7052913258383,1463.5995978298556,1523.3551342400538
