,median_ages,left_amygdala_volume_average,left_amygdala_volume_variance,left_amygdala_volume_2_5,left_amygdala_volume_5,left_amygdala_volume_10,left_amygdala_volume_25,left_amygdala_volume_50,left_amygdala_volume_75,left_amygdala_volume_90,left_amygdala_volume_95,left_amygdala_volume_97_5
0,40.0,1869.0641464259156,200.92154473339247,1475.265155030313,1538.5776148385025,1611.572826221197,1733.5446239096789,1869.0641464259156,2004.5836689421524,2126.5554666306343,2199.5506780133287,2262.863137821518
1,40.25114155251141,1869.9019194354976,200.87945981058638,1476.185412972887,1539.484611386002,1612.464533229487,1734.4107827683313,1869.9019194354976,2005.3930561026639,2127.339305641508,2200.319227484993,2263.618425898108
2,40.50228310502283,1870.70832756393,200.8386088427368,1477.0718875270381,1540.3582133770662,1613.323293979721,1735.2447444558638,1870.70832756393,2006.171910671996,2128.0933611481387,2201.0584417507935,2264.344767600822
3,40.75342465753425,1871.4833347060055,200.79896951391441,1477.9245863259769,1541.1984214129252,1614.149100965706,1736.0464879189349,1871.4833347060055,2006.9201814930761,2128.817568446305,2201.768247999086,2265.042083086034
4,41.00456621004566,1872.2269063720594,200.760519586853,1478.7435184642793,1542.0052375809619,1614.9419481959806,1736.8159936666873,1872.2269063720594,2007.6378190774315,2129.5118645481384,2202.4485751631564,2265.710294279839
5,41.25570776255708,1872.93900969053,200.7232369084472,1479.5286944896725,1542.7786654482309,1615.7018311893298,1737.5532437696024,1872.93900969053,2008.3247756114574,2130.17618819173,2203.0993539328288,2266.3493248913874
6,41.50684931506849,1873.6196134104937,200.68709941518154,1480.2801263949284,1543.5187100550615,1616.428746970363,1738.2582218583716,1873.6196134104937,2008.9810049626158,2130.8104798506247,2203.720516765926,2266.9591004260587
7,41.757990867579906,1874.2686879042346,200.6520851384939,1480.9978276099218,1544.2253779088073,1617.1226940652093,1738.930913122849,1874.2686879042346,2009.6064626856203,2131.41468174326,2204.311997899662,2267.5395481985474
8,42.009132420091326,1874.8862051694946,200.61817221006936,1481.681812993504,1544.898676977387,1617.7836724969839,1739.5713043107303,1874.8862051694946,2010.201106028259,2131.9887378420053,2204.8737333616023,2268.0905973454846
9,42.26027397260274,1875.472138831459,200.58533886706164,1482.3320988252558,1545.5386166826825,1618.411683781082,1740.1793837260182,1875.472138831459,2010.7648939368999,2132.532593881836,2205.4056609802356,2268.612178837662
10,42.51141552511415,1876.0264641449662,200.55356345724326,1482.948702797601,1546.1452078942773,1619.0067309207877,1740.7551412277562,1876.0264641449662,2011.2977870621762,2133.0461973691445,2205.907720395655,2269.1042254923314
11,42.76255707762557,1876.5491579962816,200.52282444408928,1483.5316440076185,1546.7184629228677,1619.568818402534,1741.298568228375,1876.5491579962816,2011.7997477641882,2133.529497590029,2206.379853069695,2269.5666719849446
12,43.013698630136986,1877.0401989047411,200.49310041178447,1484.0809429488709,1547.2583955136715,1620.0979521911281,1741.8096576919588,1877.0401989047411,2012.2707401175235,2133.982445618354,2206.8220022958103,2269.9994548606114
13,43.2648401826484,1877.4995670244725,200.4643700701617,1484.5966215034464,1547.7650208400248,1620.5941397251447,1742.2884041326342,1877.4995670244725,2012.7107299163108,2134.4049943238006,2207.23411320892,2270.4025125454987
14,43.51598173515982,1877.9272441457827,200.43661225956248,1485.0787029338208,1548.2383554967753,1621.0573899120843,1742.7348036126814,1877.9272441457827,2013.119684678884,2134.797098379481,2207.61613279479,2270.7757853577446
15,43.76712328767123,1878.3232136962586,200.40980595563167,1485.5272118745595,1548.678417493497,1621.4877131233293,1743.1488537403993,1878.3232136962586,2013.4975736521178,2135.158714269188,2207.96800989902,2271.1192155179574
16,44.018264840182646,1878.6874607422612,200.3839302740326,1485.9421743245719,1549.0852262482276,1621.8851211895947,1743.53055366842,1878.6874607422612,2013.8443678161025,2135.4898002949276,2208.289695236295,2271.4327471599504
17,44.269406392694066,1879.0199719895738,200.35896447509222,1486.3236176386529,1549.4588025804771,1622.2496273956244,1743.8799040912234,1879.0199719895738,2014.1600398879243,2135.7903165835232,2208.5811413986703,2271.7163263404946
18,44.52054794520548,1879.3207357845627,200.33488796837142,1486.671570519688,1549.79916870487,1622.581246475494,1744.1969072432157,1879.3207357845627,2014.4445643259096,2136.0602250936313,2208.842302864255,2271.9699010494373
19,44.77168949771689,1879.5897421146842,200.31168031716132,1486.9860630103472,1550.1063482242575,1622.8799946073566,1744.4815668962046,1879.5897421146842,2014.6979173331638,2136.2994896220116,2209.073136005111,2272.1934212190213
20,45.02283105022831,1879.8269826091998,200.2893212429037,1487.2671264851353,1550.380366123161,1623.1458894084913,1744.733888357131,1879.8269826091998,2014.9200768612686,2136.5080758099084,2209.2735990952388,2272.386838733264
21,45.273972602739725,1880.032450539458,200.26779062954137,1487.5147936421488,1550.6212487608987,1623.378949930011,1744.9538784654176,1880.032450539458,2015.1110226134986,2136.685951148905,2209.4436523180175,2272.550107436767
22,45.52511415525114,1880.2061408193467,200.24706852779318,1487.7290984951478,1550.829023865006,1623.5791966518366,1745.1415455905378,1880.2061408193467,2015.2707360481556,2136.833084986857,2209.5832577736874,2272.6831831435456
23,45.77625570776256,1880.348050005275,200.22713515934603,1487.910076365323,1551.0037205243218,1623.7466514773046,1745.2968996291704,1880.348050005275,2015.3992003813794,2136.9494485332452,2209.6923794862278,2272.7860236452266
24,46.02739726027397,1880.4581762963853,200.20797092099204,1488.0577638733985,1551.1453691823965,1623.88133772808,1745.419952002621,1880.4581762963853,2015.4964005901497,2137.0350148646903,2209.770983410374,2272.858588719372
25,46.278538812785385,1880.5365195341246,200.18955638866979,1488.1721989312814,1551.2540016304147,1623.9832801385458,1745.5107156536665,1880.5365195341246,2015.5623234145828,2137.0897589297033,2209.8190374378346,2272.900840136968
26,46.529680365296805,1880.583081202281,200.17187232144875,1488.2534207342912,1551.329651000679,1624.0525048507345,1745.569205043905,1880.583081202281,2015.596957360657,2137.1136575538276,2209.836511403883,2272.9127416702704
27,46.78082191780822,1880.5978644262311,200.15489966542873,1488.3014697527626,1551.3723517594426,1624.0890394085786,1745.5954361503743,1880.5978644262311,2015.600292702088,2137.1066894438836,2209.8233770930196,2272.8942590996994
28,47.03196347031963,1880.5808739726383,200.13861955757352,1488.3163877242305,1551.3821397003026,1624.0929127526947,1745.589426462662,1880.5808739726383,2015.5723214826146,2137.068835192582,2209.779608244974,2272.845360221046
29,47.28310502283105,1880.532116248584,200.12301332946492,1488.2982176452035,1551.3590519371558,1624.0641552147054,1745.5511949795061,1880.532116248584,2015.513037517662,2137.000077282463,2209.705180560012,2272.7660148519644
30,47.534246575342465,1880.4515993007417,200.10806251098933,1488.2470037631128,1551.3031268973089,1624.0027985116867,1745.4807622054825,1880.4515993007417,2015.4224363960009,2136.9004000897967,2209.6000717041743,2272.6561948383705
31,47.78538812785388,1880.3393328144168,200.09374883394838,1488.1627915682745,1551.2144043145797,1623.9088757405823,1745.3781501476094,1880.3393328144168,2015.3005154812242,2136.7697898882516,2209.4642613142537,2272.5158740605593
32,48.0365296803653,1880.1953281123447,200.08005423559786,1488.045627785752,1551.092925222274,1623.7824213724657,1745.2433823117578,1880.1953281123447,2015.1472739129315,2136.6082348522236,2209.2977310024153,2272.3450284389373
33,48.28767123287671,1880.0195981534637,200.0669608621135,1487.8955603673367,1550.938731946258,1623.6234712468718,1745.0764836990875,1880.0195981534637,2014.9627126078399,2136.4157250600556,2209.1004643606693,2272.1436359395907
34,48.53881278538813,1879.8121575313814,200.0544510719884,1487.7126384833537,1550.7518680978353,1623.432062565909,1744.8774808022217,1879.8121575313814,2014.7468342605412,2136.192252496854,2208.8724469649273,2271.9116765794092
35,48.789954337899545,1879.5730224729955,200.04250743935555,1487.4969125147727,1550.5323785669045,1623.208233888622,1744.6464016016268,1879.5730224729955,2014.4996433443641,2135.937811057369,2208.613666379086,2271.6491324312183
36,49.04109589041096,1879.3022108365271,200.03111275724342,1487.2484340448593,1550.2803095146362,1622.9520251248534,1744.3832755614499,1879.3022108365271,2014.2211461116044,2135.652396548201,2208.324112158418,2271.3559876281947
37,49.29223744292237,1878.9997421099342,200.02025004075475,1486.9672558513585,1549.9957083666582,1622.6634775295825,1744.0881336257878,1878.9997421099342,2013.9113505940807,2135.336006690286,2208.00377585321,2271.03222836851
38,49.54337899543379,1878.665637408642,200.00990253018557,1486.6534318981114,1549.6786238056557,1622.3426336966597,1743.7610082143144,1878.665637408642,2013.5702666029695,2134.9886411206244,2207.652651011628,2270.6778429191722
39,49.794520547945204,1878.2999194735996,200.00005369406367,1486.3070173271578,1549.3291057644296,1621.9895375529682,1743.4019332182877,1878.2999194735996,2013.1979057289116,2134.610301394231,2207.2707331827696,2270.2928216200417
40,50.045662100456624,1877.9026126690574,199.99068723212918,1485.9280684506698,1548.947205418772,1621.6042343523818,1743.0109439963157,1877.9026126690574,2012.794281341799,2134.200990985733,2206.8580199193425,2269.877156887445
41,50.29680365296804,1877.4737429798477,199.98178707823615,1485.5166427425472,1548.5329751799736,1621.1867706693272,1742.5880773696822,1877.4737429798477,2012.3594085900131,2133.7607152903684,2206.4145107797212,2269.4308432171483
42,50.54794520547945,1877.013338009112,199.97333740319627,1485.0727988305707,1548.086468687874,1620.7371943928672,1742.1333716181534,1877.013338009112,2011.8933044000705,2133.2894816253565,2205.94020733035,2268.9538771876532
43,50.799086757990864,1876.5214269755488,199.9653226175483,1484.5965964882214,1547.607740803553,1620.2555547203988,1741.6468664753597,1876.5214269755488,2011.395987475738,2132.787299230699,2205.4351131475446,2268.446257462876
44,51.050228310502284,1875.9980407104285,199.9577273742651,1484.0880966263899,1547.0968476018948,1619.7419021511987,1741.1286031239842,1875.9980407104285,2010.8674782968728,2132.2541792696584,2204.8992338189623,2267.9079847944668
45,51.3013698630137,1875.4432116547623,199.95053657139337,1483.5473612853723,1546.5538463644127,1619.1962884802103,1740.5786241911508,1875.4432116547623,2010.3077991183739,2131.6901348293145,2204.3325769451117,2267.339062024152
46,51.55251141552512,1874.8569738561805,199.94373535462864,1482.9744536267003,1545.9787955718941,1618.6187667916208,1739.9969737435656,1874.8569738561805,2009.7169739687954,2131.09518092074,2203.7351521404667,2266.7394940856607
47,51.80365296803653,1874.239362965546,199.93730911982243,1482.3694379248423,1545.3717548968882,1618.009391452263,1739.3836972824402,1874.239362965546,2009.0950286486518,2130.4693344788293,2203.1069710342035,2266.1092880062497
48,52.054794520547944,1873.5904162337479,199.93124351543295,1481.732379559192,1544.7327851964699,1617.3682181052661,1738.7388417386314,1873.5904162337479,2008.4419907288643,2129.81261436223,2202.4480472710256,2265.448452908304
49,52.30593607305936,1872.9101725079443,199.92552444490352,1481.0633450056512,1544.0619485045693,1616.6953036632528,1738.0624554672806,1872.9101725079443,2007.7578895486079,2129.1250413526354,2201.758396511319,2264.7570000102373
50,52.55707762557078,1872.1986722281574,199.9201380689832,1480.3624018286753,1543.3593080247513,1615.9907063019593,1737.3545882428427,1872.1986722281574,2007.042756213472,2128.4066381543553,2201.0380364315633,2264.0349426276393
51,52.80821917808219,1871.455957423217,199.91507080798684,1479.629618672788,1542.624928122439,1615.2544854532816,1736.6152912535058,1871.455957423217,2006.296623592928,2127.657429393152,2200.2869867239942,2263.2822961736456
52,53.05936073059361,1870.6820717070502,199.91030934398938,1478.8650652545698,1541.8588743175983,1614.4867017987553,1735.8446170960015,1870.6820717070502,2005.519526318099,2126.877441615345,2199.505269096502,2262.4990781595307
53,53.31050228310502,1869.8770602743618,199.905840622961,1478.068812354154,1541.0612132769013,1613.6874172624969,1735.0426197698432,1869.8770602743618,2004.7115007788805,2126.066703286227,2198.692907271822,2261.6853081945696
54,53.56164383561644,1869.0409698965639,199.90165185684572,1477.2409318070818,1540.2320128062406,1612.8566950044715,1734.2093546718559,1869.0409698965639,2003.8725851212719,2125.2252447886563,2197.849926986887,2260.841007986046
55,53.81278538812785,1868.1738489175063,199.8977305255731,1476.38149649609,1539.3713418431494,1611.9945994136456,1733.344878590549,1868.1738489175063,2003.0028192444638,2124.353098421367,2196.9763559918633,2259.9662013389225
56,54.06392694063927,1867.27574724883,199.89406437902005,1475.4905803426195,1538.4792704489275,1611.1011961008237,1732.4492497001452,1867.27574724883,2002.1022447975147,2123.4502983968364,2196.072224048732,2259.0609141550403
57,54.31506849315068,1866.3467163653922,199.89064143890815,1474.5682582985226,1537.5558698009477,1610.1765518916452,1731.5225275547286,1866.3467163653922,2001.1709051760558,2122.5168808391395,2195.1375629298363,2258.1251744322617
58,54.5662100456621,1865.386809300571,199.88745000064557,1473.6146063377548,1536.601212184928,1609.2207348195257,1730.5647730823039,1865.386809300571,2000.2088455188382,2121.5528837816164,2194.172406416214,2257.159012263387
59,54.817351598173516,1864.396080641394,199.88447863511362,1472.6297014480053,1535.6153709871232,1608.233814118498,1729.5760485787223,1864.396080641394,1999.2161127040658,2120.5583471642904,2193.176790295665,2256.1624598347826
60,55.06849315068493,1863.3745865234393,199.88171619039613,1471.6136216222062,1534.5984206863814,1607.2158602158956,1728.556417701415,1863.3745865234393,1998.1927553454636,2119.533312830983,2192.1507523604973,2255.1355514246725
61,55.31963470319634,1862.322384625788,199.87915179345057,1470.5664458502101,1533.5504368463467,1606.1669447251645,1727.5059454632187,1862.322384625788,1997.138823788357,2118.4778245264115,2191.094332405229,2254.0783234013657
62,55.57077625570776,1861.2395341656452,199.87677485173302,1469.4882541102272,1532.4714961074092,1605.087140438401,1726.4246982259012,1861.2395341656452,1996.0543701053891,2117.3919278928893,2190.007572223881,2252.990814221063
63,55.821917808219176,1860.1260958930545,199.87457505475646,1468.3791273604838,1531.361676178854,1603.9765213190697,1725.312743693824,1860.1260958930545,1994.9394480922851,2116.275670467039,2188.890515607255,2251.873064425625
64,56.073059360730596,1858.9821320852784,199.87254237560902,1467.239147530629,1530.221055830746,1602.835162494437,1724.1701509072982,1858.9821320852784,1993.7941132632586,2115.1291016761197,2187.7432083398107,2250.725116639928
65,56.32420091324201,1857.807706541167,199.87066707240743,1466.0683975132526,1529.0497148859072,1601.6631402480796,1722.9969902359746,1857.807706541167,1992.6184228463592,2113.9522728342545,2186.5656981964266,2249.547015569081
66,56.57534246575342,1856.6028845753526,199.86893968970776,1464.866961155317,1527.8477342117917,1600.4605320122682,1721.793333372086,1856.6028845753526,1991.4124357786193,2112.745237138437,2185.3580349389135,2248.338807995388
67,56.826484018264836,1855.3677330123628,199.86735105985917,1463.6349232496154,1526.6151957123702,1599.2274163603481,1720.5592533236459,1855.3677330123628,1990.1762127010797,2111.5080496643777,2184.1202703123554,2247.10054277511
68,57.077625570776256,1854.102320180577,199.8658923043077,1462.3723695261726,1525.352182319944,1597.963872999023,1719.2948244075276,1854.102320180577,1988.9098159536263,2110.240767362131,2182.85245804121,2245.832270834981
69,57.32876712328767,1852.8067159059956,199.8645548348498,1461.0793866435592,1524.0587779868513,1596.6699827605191,1718.0001222423866,1852.8067159059956,1987.6133095696046,2108.943449051472,2181.5546538251397,2244.534045168432
70,57.57990867579909,1851.4809915060662,199.86333035483926,1459.7560621803502,1522.7350676773085,1595.3458275948642,1716.6752237416736,1851.4809915060662,1986.2867592704588,2107.616155417268,2180.226915334824,2243.205920831782
71,57.8310502283105,1850.1252197830577,199.86221086033905,1458.402484626243,1521.381137358889,1593.9914905617852,1715.320207106231,1850.1252197830577,1984.9302324598843,2106.25894900433,2178.869302207226,2241.847954939872
72,58.082191780821915,1848.7394750177898,199.8611886412283,1457.0187433736164,1519.9970739944329,1592.607055823019,1713.9351518172757,1848.7394750177898,1983.543798218304,2104.8718942125606,2177.4818760411467,2240.460206661963
73,58.33333333333333,1847.323832962806,199.86025628226062,1455.6049287086298,1518.5829655334787,1591.1926086341298,1712.520138628859,1847.323832962806,1982.1275272967528,2103.4550572914823,2176.064700392133,2239.042737216982
74,58.58447488584475,1845.8783708355388,199.85940666407603,1454.1611318024052,1517.138900903764,1589.7482353363773,1711.075249560349,1845.8783708355388,1980.6814921107286,2102.0085063347005,2174.6178407673133,2237.5956098686725
75,58.83561643835616,1844.4031673116062,199.85863296416196,1452.687444702439,1515.6649700029411,1588.2740233487807,1709.6005678890783,1844.4031673116062,1979.2057667341342,2100.532311274432,2173.141364620271,2236.118889920773
76,59.08675799086758,1842.898302517557,199.85792865777165,1451.183960323549,1514.1612636898126,1586.7700611596888,1708.0961781424703,1842.898302517557,1977.700426892644,2099.0265438754254,2171.6353413453016,2234.6126447115653
77,59.337899543378995,1841.3638580238612,199.8572875187963,1449.650772439154,1512.6278737758857,1585.2364383186505,1706.562166090442,1841.3638580238612,1976.1655499572805,2097.491277729072,2170.0998422718367,2233.0769436085684
78,59.58904109589041,1839.7999168376525,199.85670362058522,1448.0879756724096,1511.0648930167674,1583.6732454281082,1704.9986187375916,1839.7999168376525,1974.6012149377134,2095.926588247197,2168.5349406585374,2231.511858002895
79,59.84018264840182,1838.2065633953075,199.85617133673318,1446.4956654872442,1509.472415103447,1582.0805741349673,1703.405624315249,1838.2065633953075,1973.007502475366,2094.3325526556478,2166.940711687168,2229.917461303371
80,60.09132420091324,1836.5838835549353,199.85568534180902,1444.8739381794198,1507.8505346535885,1580.4585171221509,1701.7832722734718,1836.5838835549353,1971.3844948363987,2092.70924998772,2165.317232456282,2228.2938289304507
81,60.342465753424655,1834.9319645887463,199.85524061205032,1443.2228908675409,1506.199347202756,1578.8071681000804,1700.1316532729466,1834.9319645887463,1969.732275904546,2091.0567610774124,2163.6645819747364,2226.6410383099515
82,60.593607305936075,1833.250895175488,199.85483242600966,1441.5426214842212,1504.5189491957872,1577.1266217982816,1698.450859176989,1833.250895175488,1968.050931173987,2089.3751685526945,2161.982841155189,2224.9591688667547
83,60.84474885844749,1831.5407653923944,199.85445636515826,1439.8332287668522,1502.809437977749,1575.416973956561,1696.7409830430852,1831.5407653923944,1966.3405477417036,2087.664556828228,2160.27209280704,2223.248302017936
84,61.0958904109589,1829.8016667073023,199.85410831444332,1438.0948122486263,1501.0709117851377,1573.6783213164072,1695.0021191146327,1829.8016667073023,1964.6012142999718,2085.9250120981974,2158.5324216294666,2221.508521165978
85,61.347031963470315,1828.033691970714,199.85378446281186,1436.327472249572,1499.30346973708,1571.9107616123842,1693.2343628126505,1828.033691970714,1962.8330211287775,2084.156622329044,2156.763914204348,2219.739911691856
86,61.598173515981735,1826.2369354074424,199.85348130367782,1434.5313098672848,1497.5072118262096,1570.1143935631756,1691.4378107271075,1826.2369354074424,1961.0360600877773,2082.359477251709,2154.966658988675,2217.9425609476
87,61.84931506849315,1824.4114926084142,199.8531956353601,1432.7064269678708,1495.68223890975,1568.289316862827,1689.6125606084315,1824.4114926084142,1959.2104246083968,2080.5336683540013,2153.140746307078,2216.1165582489575
88,62.10045662100457,1822.5574605222794,199.85292456147042,1430.852926176797,1493.8286527004857,1566.43563217186,1687.7587113588568,1822.5574605222794,1957.356209685702,2078.6792888726986,2151.286268344073,2214.2619948677616
89,62.35159817351598,1820.6749374468966,199.85266549126433,1428.9709108696875,1491.946555757671,1564.5534411083054,1685.8763630236726,1820.6749374468966,1955.4735118701205,2076.796433785488,2149.4033191361223,2212.3789640241057
90,62.602739726027394,1818.7640230207203,199.85241613994583,1427.060485163115,1490.0360514779154,1562.6428462387016,1683.9656167824048,1818.7640230207203,1953.5624292590358,2074.885199802739,2147.491994563525,2210.4675608783255
91,62.85388127853881,1816.8248182140762,199.852174528936,1425.1217539053484,1488.097244086017,1560.7039510690256,1682.0265749399105,1816.8248182140762,1951.623061488242,2072.945685359127,2145.552392342135,2208.527882522804
92,63.10502283105023,1814.8574253204522,199.85193898609586,1423.154822667208,1486.130238625888,1558.7368600356972,1680.0593409175178,1814.8574253204522,1949.6555097233866,2070.977990605207,2143.5846120150163,2206.5600279736964
93,63.35616438356164,1812.861947947402,199.85170814591166,1421.159797732605,1484.1351409511522,1556.7416784962465,1678.064019243806,1812.861947947402,1947.6598766509983,2068.9822173985576,2141.588754943652,2204.564098162199
94,63.60730593607306,1810.838491007628,199.8514809496382,1419.1367860893442,1482.1120577159923,1554.7185127202122,1676.0407155455896,1810.838491007628,1945.6362664696662,2066.9584692950434,2139.564924299263,2202.5401959259116
95,63.858447488584474,1808.7871607098689,199.8512566454008,1417.085895419812,1480.0610963658717,1552.6674698798997,1673.9895365387395,1808.7871607098689,1943.5847848809983,2064.906851539838,2137.513225053866,2200.4884259999258
96,64.10958904109589,1806.7080645496324,199.85103478825744,1415.0072340915863,1477.9823651281622,1550.5886580410327,1671.9105900188722,1806.7080645496324,1941.5055390803925,2062.827471058232,2135.4337639711025,2198.4088950076784
97,64.3607305936073,1804.6013112999376,199.8508152402215,1412.9009111481348,1475.8759730028505,1548.482186153467,1669.8039848520773,1804.6013112999376,1939.398637747798,2060.7204364464083,2133.3266495970247,2196.30171145174
98,64.61187214611871,1802.4670110017332,199.85059817024037,1410.7670362992756,1473.742029752992,1546.348164041637,1667.6698309653502,1802.4670110017332,1937.2641910381162,2058.58585796183,2131.1919922504744,2194.1669857041907
99,64.86301369863014,1800.3052749545673,199.85038405413906,1408.6057199119568,1471.580645895472,1544.1867023952957,1665.5082393373,1800.3052749545673,1935.1023105718346,2056.423847513839,2129.0299040136624,2192.0048299971777
100,65.11415525114155,1798.1162157069418,199.85017367452005,1406.4170730008077,1469.3919326915257,1541.9979127600004,1663.3193219885713,1798.1162157069418,1932.9131094253123,2054.2345186538832,2126.8404987223576,2189.815358413076
101,65.36529680365297,1795.899947046522,199.84996812062215,1404.2012072186244,1467.1760021371804,1539.7819075275002,1661.1031919721486,1795.899947046522,1930.6967021208952,2052.0179865655437,2124.623891955863,2187.5986868744194
102,65.61643835616438,1793.6565839903328,199.84976878814066,1401.95823484692,1464.9329669537465,1537.5387999261648,1658.8599633636752,1793.6565839903328,1928.4532046169904,2049.774368054501,2122.380201026919,2185.3549331337454
103,65.8675799086758,1791.386242774983,199.8495773790079,1399.6882687865768,1462.6629405784029,1535.2687040114886,1656.5897512518234,1791.386242774983,1926.1827342981426,2047.5037815384774,2120.109544971563,2183.084216763389
104,66.11872146118722,1789.0890408465987,199.84939590112987,1397.3914225482972,1460.3660371545643,1532.971734656363,1654.2926717284076,1789.0890408465987,1923.8854099647897,2045.2063470368344,2117.812044538633,2180.7866591449
105,66.36986301369863,1786.765096850681,199.8492266680869,1395.0678102430488,1458.0423715222312,1530.6480075413165,1651.9688418784428,1786.765096850681,1921.561351822919,2042.8821861600454,2115.4878221791305,2178.462383458313
106,66.62100456621005,1784.4145306221692,199.84907229878783,1392.7175465728035,1455.6920592086208,1528.2976391450215,1649.6183797704412,1784.4145306221692,1919.2106814738972,2040.5314220993168,2113.137002035717,2176.1115146715347
107,66.87214611872146,1782.0374631749087,199.84893571708955,1390.3407468207527,1453.3152164182623,1525.9207467342503,1647.2414044461361,1782.0374631749087,1916.8335219036812,2038.154179615567,2110.759709931555,2173.7341795290645
108,67.12328767123287,1779.6340166915402,199.84882015137168,1387.937526842029,1450.9119600235838,1523.5174483543085,1644.8380359106598,1779.6340166915402,1914.4299974724206,2035.7505850287719,2108.3560733594963,2171.3305065410514
109,67.37442922374429,1777.2043145129983,199.84872913406875,1385.5080030541228,1448.4824075551828,1521.0878628191338,1642.4083951223558,1777.2043145129983,1912.0002339036407,2033.3207662068628,2105.9262214708137,2168.9006259718735
110,67.6255707762557,1774.748481127917,199.84866650116513,1383.052292427277,1446.0266771920603,1518.6321097013483,1639.9526039825262,1774.748481127917,1909.544358273308,2030.8648525544859,2103.4702850637736,2166.4446698285574
111,67.87671232876713,1772.2666421622275,199.84863639164635,1380.5705124751598,1443.544887752122,1516.1503093225597,1637.4707853253985,1772.2666421622275,1907.0624989990565,2028.3829750018954,2100.988396572333,2163.962771849295
112,68.12785388127854,1769.7589243683794,199.8486432469074,1378.062781245247,1441.0371586823728,1513.6425827433409,1634.963062907747,1769.7589243683794,1904.554785829012,2025.875265993418,2098.480690054386,2161.4550674915117
113,68.37899543378995,1767.225455614588,199.8486918101186,1375.5292173093108,1438.5036100492075,1511.1090517532903,1632.4295613985676,1767.225455614588,1902.0213498306086,2023.341859475886,2095.9473011799687,2158.9216939198654
114,68.63013698630137,1764.666364874011,199.8487871255539,1372.9699397539132,1435.9443625286908,1508.5498388610677,1629.8704063687062,1764.666364874011,1899.4623233793156,2020.7828908869542,2093.388367219331,2156.3627899941084
115,68.88127853881278,1762.081782213874,199.84893453786862,1370.3850681709487,1433.3595373968733,1505.9650672844482,1627.285724280474,1762.081782213874,1896.8778401472741,2018.1984971432998,2090.8040270308747,2153.7784962567994
116,69.1324200913242,1759.4718387845692,199.8491396913411,1367.7747226482263,1430.7492565201353,1503.3548609403895,1624.6756424772548,1759.4718387845692,1894.2680350918836,2015.5888166287489,2088.194421049003,2151.168954920912
117,69.38356164383562,1756.8366668083916,199.84940852906624,1365.1390237597898,1428.1136423452504,1500.7193444348043,1622.040289172787,1756.8366668083916,1891.6330444439961,2012.9539891819788,2085.5596912715328,2148.5343098569933
118,69.63470319634703,1754.1763995686506,199.8497472921077,1362.4780925566881,1425.452817889892,1498.0586430527571,1619.3797934408467,1754.1763995686506,1888.9730056964545,2010.294156084544,2082.899981247409,2145.874706580613
119,69.88584474885845,1751.4911713982256,199.85016251860577,1359.7920505572815,1422.7669067326556,1495.3728827481636,1616.6942852044049,1751.4911713982256,1886.2880575920462,2007.6094600482875,2080.2154360637956,2143.1902922391696
120,70.13698630136986,1748.7811176685889,199.85066104283933,1357.0810197381015,1420.056033003625,1492.662190134015,1613.9838952252824,1748.7811176685889,1883.5783401118954,2004.9000452031628,2077.506202333552,2140.4812155990758
121,70.38812785388127,1746.0463747781878,199.8512499942436,1354.3451225241595,1417.3203213743707,1489.9266924720196,1611.2487550931958,1746.0463747781878,1880.8439944631798,2002.166057084356,2074.7724281820047,2137.747627032216
122,70.63926940639269,1743.2870801412128,199.851936796382,1351.5844817797288,1414.5598970484073,1487.1665176626889,1608.488997215218,1743.2870801412128,1878.0851630672075,1999.4076426197366,2072.014263234018,2134.9896785026967
123,70.89041095890411,1740.5033721760726,199.8527291658751,1348.7992207989196,1411.7748857514325,1484.3817942351843,1605.7047548049763,1740.5033721760726,1875.301989547169,1996.624950116961,2069.2318586007127,2132.2075235532257
124,71.14155251141553,1737.6953902938096,199.85363511127653,1345.9894632962978,1408.9654137215903,1481.5726513371737,1602.8961618718258,1737.6953902938096,1872.4946187157934,1993.8181292504455,2066.425366866029,2129.401317291321
125,71.39269406392694,1734.8632748865932,199.8546629319095,1343.1553333976583,1406.1316076998778,1478.739218724816,1600.0633532101274,1734.8632748865932,1869.663196563059,1990.9873310483704,2063.5949420733086,2126.571216375528
126,71.64383561643835,1732.0071673159346,199.85582121665132,1340.2969556306218,1403.2735949203604,1475.8816267525333,1597.2064643882827,1732.0071673159346,1866.8078702435864,1988.1327078793358,2060.7407397115085,2123.717379001247
127,71.89497716894977,1729.1272099010498,199.85711884267076,1337.4144549154737,1400.3915031006113,1473.0000063629918,1594.3256317379482,1729.1272099010498,1863.9287880641514,1985.2544134391078,2057.8629167014883,2120.839964886626
128,72.14611872146119,1726.2235459070898,199.85856497411973,1334.5079565559568,1397.4854604320924,1470.0944890770095,1591.4209923431486,1726.2235459070898,1861.026099471031,1982.3526027371702,2054.961631382087,2117.939135258223
129,72.39726027397259,1723.2963195331904,199.86016906077091,1331.577586229993,1394.5555955704467,1467.1652069833508,1588.4926840292444,1723.2963195331904,1858.0999550371364,1979.42743208303,2052.037043495934,2115.015052836388
130,72.64840182648402,1720.345675900654,199.86194083661204,1328.6234699806191,1391.6020376259921,1464.2122927287114,1585.5408453520636,1720.345675900654,1855.1505064492444,1976.4790590725966,2049.089314175316,2112.067881820689
131,72.89954337899543,1717.3717610409583,199.86389031838527,1325.6457342068595,1388.624916154131,1461.2358795075975,1582.5656155868935,1717.3717610409583,1852.177906495023,1973.507642574319,2046.1186059277857,2109.097787875057
132,73.15068493150685,1714.3747218837452,199.8660278040785,1322.6445056546702,1385.6243611458228,1458.2361010522477,1579.5671347174891,1714.3747218837452,1849.1823090500013,1970.5133427152427,2043.1250826216674,2106.10493811282
133,73.40182648401827,1711.3547062447758,199.86836387136384,1319.6199114079561,1382.6005030181063,1455.2130916225915,1576.54554342508,1711.3547062447758,1846.1638690644716,1967.49632086696,2040.1089094714453,2103.0895010815957
134,73.65296803652967,1708.3118628137286,199.87090937598563,1316.5720788795277,1379.5534726045494,1452.1669859961112,1573.5009830772563,1708.3118628137286,1843.1227425502009,1964.456739631346,2037.0702530229075,2100.051646747929
135,73.9041095890411,1705.246341142192,199.87367545009613,1313.501135802356,1376.4834011459798,1449.097919457968,1570.433595717084,1705.246341142192,1840.0590865673,1961.3947628264161,2034.009281138404,2096.991546482028
136,74.15525114155251,1702.1582916312404,199.87667350053815,1310.4072102205141,1373.3904202808849,1446.0060277907787,1567.3435240518388,1702.1582916312404,1836.973059210642,1958.3105554717022,2030.9261629815958,2093.909373041967
137,74.40639269406392,1699.0478655193697,199.87991520707257,1307.2904304805875,1370.2746620362636,1442.891447264824,1564.2309114421373,1699.0478655193697,1833.864819596602,1955.2042837739154,2027.8210690024757,2090.805300558152
138,74.65753424657534,1695.9152148700396,199.883412520552,1304.150925222795,1367.136258818172,1439.754314627929,1561.095901890712,1695.9152148700396,1830.7345278493672,1952.07611511215,2024.6941709219068,2087.679504517284
139,74.90867579908675,1692.7604925593307,199.8871776610419,1300.9888233723293,1363.9753434024724,1436.5947670955309,1557.9386400313347,1692.7604925593307,1827.5823450873268,1948.9262180231306,2021.5456417161888,2084.532161746332
140,75.15981735159818,1689.5838522636411,199.89122311588577,1297.8042541308446,1360.7920489257103,1433.4129423408526,1554.7592711178181,1689.5838522636411,1824.4084334094641,1945.7547621864296,2018.375655601572,2081.3634503964377
141,75.41095890410958,1686.3854484471904,199.8955616377094,1294.5973469678734,1357.5865088759024,1430.2089784849668,1551.5579410128662,1686.3854484471904,1821.2129558815145,1942.561918409414,2015.1843880184783,2078.1735499265073
142,75.662100456621,1683.1654363494224,199.9002062423747,1291.368231612239,1354.3588570833049,1426.9830140868187,1548.334796176858,1683.1654363494224,1817.9960765219869,1939.3478586120261,2011.9720156155397,2074.962641086606
143,75.91324200913242,1679.9239719727464,199.90517020687312,1288.1170380439255,1351.1092277116195,1423.7351881336683,1545.0899836570072,1679.9239719727464,1814.7579602884855,1936.1127558118244,2008.738716233873,2071.730905901567
144,76.16438356164383,1676.6612120696464,199.91046706716116,1284.84389648543,1347.8377552486634,1420.4656400309736,1541.8236510759348,1676.6612120696464,1811.498773063358,1932.856784108319,2005.484668890629,2068.478527653863
145,76.41552511415526,1673.3773141303748,199.91611061593744,1281.5489373938117,1344.5445744977183,1417.1745095929327,1538.5359466208588,1673.3773141303748,1808.2186816398907,1929.5801186678168,2002.2100537630313,2065.205690866938
146,76.66666666666666,1670.0724363701318,199.92211490036024,1278.232291452347,1341.2298205684651,1413.8619370325875,1535.2270190323154,1670.0724363701318,1804.917853707948,1926.282935707676,1998.9150521717984,2061.9125812879165
147,76.91780821917808,1666.7467377165362,199.9284942197058,1274.8940895625883,1337.8936288683067,1410.5280629522977,1531.8970175932081,1666.7467377165362,1801.5964578398643,1922.9654124807748,1995.5998465647658,2058.599385870484
148,77.1689497716895,1663.400377796806,199.9352631229652,1271.534462836255,1334.5361350934995,1407.1730283339982,1528.5460921176093,1663.400377796806,1798.2546634760026,1919.6277272596137,1992.2646205001122,2055.266292757357
149,77.42009132420091,1660.0335169251096,199.94243640638143,1268.1535425874117,1331.1574752205588,1403.7969745297096,1525.1743929397735,1660.0335169251096,1794.8926409104456,1916.2700593205095,1988.90955862966,2051.9134912628074
150,77.67123287671232,1656.6463160897538,199.95002911092126,1264.7514603246127,1327.7577854976023,1400.4000432519642,1521.7820709030293,1656.6463160897538,1791.5105612764783,1912.8925889275433,1985.534846681905,2048.541171854895
151,77.92237442922374,1653.2389369404614,199.95805651969,1261.3283477432444,1324.3372024358816,1396.9823765643969,1518.3692773488017,1653.2389369404614,1788.108596532121,1909.4954973165259,1982.1406714450409,2045.1495261376783
152,78.17351598173516,1649.8115417754889,199.9665341552797,1257.884336717842,1320.8958628012615,1393.5441168722623,1514.936164105518,1649.8115417754889,1784.6869194454598,1906.0789666787155,1978.7272207497163,2041.7387468331358
153,78.42465753424656,1646.364293528862,199.97547777705208,1254.4195592946498,1317.4339036059241,1390.0854069131515,1511.482883477676,1646.364293528862,1781.2457035800478,1902.6431801445724,1975.2946834517995,2038.309027763074
154,78.67579908675799,1642.8973557574561,199.98490337836216,1250.9341476841437,1313.9514621000171,1386.6063897476304,1508.009588234797,1642.8973557574561,1777.7851232801152,1899.1883217672819,1971.843249414895,2034.8605638307686
155,78.9269406392694,1639.4108926281547,199.99482718371377,1247.4282342537635,1310.44867576349,1383.1072087500445,1504.516431600503,1639.4108926281547,1774.3053536558064,1895.7145765062648,1968.3731094928191,2031.3935510025458
156,79.17808219178082,1635.905068904918,200.0052656458512,1243.9019515206833,1306.9256822979469,1379.5880075993136,1501.0035672415468,1635.905068904918,1770.806570568289,1892.2221302105222,1964.884455511889,2027.9081862891526
157,79.42922374429224,1632.3800499358165,200.01623544278218,1240.3554321446795,1303.3826196185764,1376.0489302697815,1497.4711492568536,1632.3800499358165,1767.2889506147794,1888.7111696018515,1961.3774802530563,2024.4046677269534
158,79.68036529680364,1628.8360016402366,200.02775347473843,1236.7888089212925,1299.8196258463581,1372.4901210223163,1493.919332166777,1628.8360016402366,1763.7526711136964,1885.181882258157,1957.8523774341152,2020.8831943591806
159,79.93150684931507,1625.273090495775,200.03983686106832,1233.202214774813,1296.2368393000659,1368.9117243951864,1490.3482709020882,1625.273090495775,1760.1979100894619,1881.6344565963636,1954.309341691484,2017.3439662167368
160,80.18264840182648,1621.6914835252853,200.05250293705728,1229.5957827515595,1292.6343984885466,1365.3138851951837,1486.7581207931687,1621.6914835252853,1756.624846257402,1878.069081855387,1950.748568562024,2013.787184299011
161,80.4337899543379,1618.091348283961,200.06576925069012,1225.9696460133073,1289.012442103127,1361.6967484888544,1483.1490375592762,1618.091348283961,1753.0336590086458,1874.4859480790676,1947.170254464795,2010.2130505546147
162,80.68493150684931,1614.4728528463081,200.0796535593346,1222.323937830761,1285.3711090100423,1358.0604595937216,1479.5211772977539,1614.4728528463081,1749.4245283948624,1870.8852460988946,1943.5745966825737,2006.621767861855
163,80.93607305936072,1610.8361657931605,200.09417382636298,1218.6587915771918,1281.7105382430088,1354.4051640696316,1475.8746964733255,1610.8361657931605,1745.7976351129955,1867.2671675166894,1939.961793343312,2003.013540009129
164,81.18721461187215,1607.181456198509,200.10934821770243,1214.9743407220278,1278.030868995726,1350.7310077100028,1472.2097519072502,1607.181456198509,1742.153160489768,1863.6319046870153,1936.3320434012921,1999.3885716749903
165,81.43835616438355,1603.5088936166921,200.125195098316,1211.270718824941,1274.332240614856,1347.0381365335268,1468.5265007668868,1603.5088936166921,1738.4912864664975,1859.9796506998575,1932.6855466185282,1995.7470684084433
166,81.68949771689498,1599.8186480692143,200.14173302861076,1207.5480595297065,1270.6147925927505,1343.3266967755887,1464.8251005549357,1599.8186480692143,1734.812195583493,1856.3105993628399,1929.0225035456779,1992.0892366087219
167,81.94063926940639,1596.110890031797,200.15898076078508,1203.8064965584126,1266.8786645605096,1339.5968348800013,1461.1057090989527,1596.110890031797,1731.1160709646413,1852.6249451835927,1925.3431155030844,1988.4152835051814
168,82.1917808219178,1592.3857904212277,200.17695723509152,1200.0461637056337,1263.1239962809775,1335.8486974906416,1457.3684845407192,1592.3857904212277,1727.4030963017362,1848.9228833518139,1921.6475845614777,1984.7254171368218
169,82.44292237442923,1588.6435205824089,200.19568157604044,1196.2671948329207,1259.3509276420366,1332.082431443366,1453.613585325851,1588.6435205824089,1723.6734558389667,1845.2046097214518,1917.936113522781,1981.019846331897
170,82.69406392694063,1584.8842522752786,200.21517308852825,1192.4697238633103,1255.559598649896,1328.298183757892,1449.841170193332,1584.8842522752786,1719.9273343572254,1841.4703207926652,1914.2089059006612,1977.298780687247
171,82.94520547945206,1581.108157661781,200.23545125389316,1188.6538847760248,1251.7501494225498,1324.4961016298248,1446.051398165143,1581.108157661781,1716.164917158419,1837.7202136937372,1910.466165901012,1973.5624305475371
172,83.19634703196347,1577.3154092926861,200.25653572590227,1184.819811601159,1247.9227201831986,1320.6763324226179,1442.2444285357897,1577.3154092926861,1712.3863900495826,1833.9544861627544,1906.7080984021736,1969.8110069842132
173,83.44748858447488,1573.5061800948451,200.27844632666566,1180.967638414942,1244.0774512542232,1316.8390236600667,1438.420420862313,1573.5061800948451,1708.5919393273773,1830.1733365296236,1902.9349089354669,1966.044721774748
174,83.6986301369863,1569.6806433578124,200.30120304247993,1177.097499334507,1240.2144830506459,1312.9843230182555,1434.5795349537154,1569.6806433578124,1704.7817517619094,1826.3769636973693,1899.1468036649787,1962.2637873811177
175,83.94977168949771,1565.8389727210606,200.32482601959626,1173.2095285133996,1236.333956074305,1309.1123783181974,1430.7219308610297,1565.8389727210606,1700.9560145810915,1822.5655671239238,1895.3439893678162,1958.4684169287216
176,84.20091324200914,1561.9813421607726,200.34933555992308,1169.3038601367932,1232.4360109077154,1305.2233375181327,1426.847768867009,1561.9813421607726,1697.114915454536,1818.7393468034124,1891.5266734138295,1954.6588241847517
177,84.45205479452054,1558.10792597701,200.37475211665313,1165.3806284172288,1228.5207882084308,1301.3173487063018,1422.9572094762468,1558.10792597701,1693.258642477773,1814.898503247718,1887.6950637455889,1950.835223536791
178,84.70319634703196,1554.2188987805314,200.40109628981688,1161.4399675901468,1224.5884287031747,1297.3945600934624,1419.050413404992,1554.2188987805314,1689.3873841560708,1811.0432374676004,1883.8493688578878,1946.997829970916
179,84.95433789954338,1550.3144354799626,200.42838882177062,1157.4820119099018,1220.639073182433,1293.4551200058406,1415.1275415713635,1550.3144354799626,1685.5013293885618,1807.1737509540847,1879.989797777492,1943.1468590500235
180,85.20547945205479,1546.3947112685844,200.45665059260674,1153.5068956455455,1216.6728624947912,1289.4991768778023,1411.1887550852339,1546.3947112685844,1681.600667451935,1803.2902456593665,1876.1165600423776,1939.2825268916233
181,85.45662100456622,1542.459901611619,200.4859026154974,1149.5147530772394,1212.6899375418784,1285.526879245106,1407.2342152386561,1542.459901611619,1677.6855879845818,1799.3929239781319,1872.2298656813596,1935.4050501459985
182,85.70776255707761,1538.510182233087,200.5161660319648,1145.5057184923824,1208.6904392730062,1281.5383757378218,1403.264083495911,1538.510182233087,1673.756280970263,1795.4819887283525,1868.329925193168,1931.5146459737919
183,85.95890410958904,1534.5457291029716,200.54746210708169,1141.4799261821802,1204.6745086802252,1277.5338150736447,1399.2785214839078,1534.5457291029716,1669.8129367220354,1791.5576431322984,1864.4169495257179,1927.611532023763
184,86.21004566210046,1530.566718424251,200.5798122246014,1137.4375104382252,1200.64228679337,1273.513346051171,1395.2776909825025,1530.566718424251,1665.8557458659993,1787.6200907973307,1860.4911500551318,1923.6959264102766
185,86.46118721461187,1526.5733266200423,200.61323788201787,1133.3786055493208,1196.5939146753267,1269.477117543371,1391.2617539149728,1526.5733266200423,1661.8848993251117,1783.6695356967136,1856.5527385647579,1919.7680476907638
186,86.71232876712328,1522.565730320583,200.64776068555628,1129.3033457982808,1192.5295334172547,1265.42527849099,1387.230872338379,1522.565730320583,1657.9005883027871,1779.7061821501761,1852.6019272239114,1915.828114842885
187,86.9634703196347,1518.5441063505177,200.68340234509492,1125.2118654591704,1188.4492841342267,1261.3579778963444,1383.185208434275,1518.5441063505177,1653.9030042667605,1775.730234804691,1848.6389285668088,1911.8763472418648
188,87.21461187214612,1514.5086317160763,200.72018466901844,1121.1042987945714,1184.353307960872,1257.2753648170944,1379.1249244993587,1514.5086317160763,1649.8923389327938,1771.741898615058,1844.6639554712806,1907.9129646375811
189,87.46575342465752,1510.459483592132,200.758129559003,1116.9807800528602,1180.2417460470124,1253.177588359986,1375.0501829360476,1510.459483592132,1645.8687842482166,1767.7413788242782,1840.6772211372518,1903.938187131404
190,87.71689497716895,1506.396839309501,200.79725900473304,1112.8414434658632,1176.1147395536516,1249.0647976749208,1370.9611462433409,1506.396839309501,1641.8325323756612,1763.7288809440813,1836.6789390653503,1899.9522351531389
191,87.96803652968036,1502.3208763421585,200.8375950785557,1108.6864232465505,1171.9724296489849,1244.937141949023,1366.8579770076417,1502.3208763421585,1637.7837756766753,1759.704610735294,1832.669323035332,1895.9553294377665
192,88.21917808219177,1498.2317722944697,200.8791599300652,1104.5158535868802,1167.814957504537,1240.7947704008104,1362.7408378936414,1498.2317722944697,1633.722706695298,1755.668774188129,1828.6485870844024,1891.947691002059
193,88.4703196347032,1494.1297048885729,200.9219757806232,1100.3298686559224,1163.6424642915588,1236.637832274601,1358.6098916353972,1494.1297048885729,1629.6495181417486,1751.6215775025448,1824.6169454855867,1887.9295411212233
194,88.7214611872146,1490.0148519515897,200.966064917817,1096.1286025979298,1159.455091177353,1232.4664768348234,1354.4653010272818,1490.0148519515897,1625.5644028758975,1747.563227068356,1820.574612725826,1883.9011013052495
195,88.97260273972603,1485.8873914031967,201.01144968985295,1091.9121895309,1155.2529793220685,1228.280853360776,1350.3072289153356,1485.8873914031967,1621.4675538910578,1743.4939294456174,1816.5218034843247,1879.8625932754935
196,89.22374429223744,1481.7475012427055,201.05815249988825,1087.6807635447626,1151.0362698751019,1224.0811111409687,1346.1358381881703,1481.7475012427055,1617.3591642972408,1739.4138913444424,1812.458732610309,1875.8142389406485
197,89.47488584474885,1477.5953595366905,201.10619580030183,1083.4344587002386,1146.8051039721508,1219.8673994680948,1341.9512917684606,1477.5953595366905,1613.2394273049204,1735.323319605286,1808.3856151012299,1871.7562603731424
198,89.72602739726028,1473.4311444064842,201.15560208690638,1079.1734090276775,1142.559622732229,1215.6398676339427,1337.7537526043443,1473.4311444064842,1609.1085362086242,1731.2224211790258,1804.3026660807393,1867.688879785291
199,89.97716894977168,1469.2550340155435,201.2063938930983,1074.8977485258908,1138.2999672546541,1211.39866492426,1333.5433836607333,1469.2550340155435,1604.9666843703537,1727.111403106827,1800.2101007764327,1863.612319505196
200,90.22831050228311,1465.06720655703,201.25859378395523,1070.6076111613008,1134.026278616338,1207.1439406138975,1329.3203479108754,1465.06720655703,1600.8140652031846,1722.9904725001625,1796.1081344977217,1859.5268019527591
201,90.47945205479452,1460.8678402414705,201.31222435027274,1066.3031308672885,1129.7386978692557,1202.8758439621126,1325.0848083280375,1460.8678402414705,1596.6508721549035,1718.8598365208284,1791.996982613685,1855.4325496156523
202,90.73059360730593,1456.6571132842191,201.3673082025491,1061.9844415434459,1125.4373660378012,1198.5945242077403,1320.8369278770244,1456.6571132842191,1592.4772986914138,1714.719702360698,1787.876860530637,1851.3297850249924
203,90.98173515981735,1452.4352038932764,201.42386796491576,1057.6516770552903,1121.12242411659,1194.3001305647897,1316.5768695060917,1452.4352038932764,1588.293538280461,1710.570277221763,1783.7479836699624,1847.2187307312624
204,91.23287671232876,1448.2022902567846,201.4819262690165,1053.3049712337577,1116.7940130680236,1189.9928122177848,1312.3047961385703,1448.2022902567846,1584.099784374999,1706.4117682957844,1779.6105674455455,1843.0996092798116
205,91.48401826484019,1443.958550531045,201.54150574783523,1048.9444578753155,1112.452273820457,1185.6727183176906,1308.0208706650453,1443.958550531045,1579.8962303970445,1702.2443827443992,1775.4648272416327,1838.9726431867743
206,91.73515981735159,1439.7041628280313,201.60262902947667,1044.5702707416676,1108.0973472659443,1181.339997977398,1303.7252559350661,1439.7041628280313,1575.6830697209964,1698.0683276786644,1771.3109783901182,1834.8380549143947
207,91.98630136986301,1435.4393052033904,201.66531873089713,1040.1825435600413,1103.7293742585493,1176.9948002677584,1299.4181147493744,1435.4393052033904,1571.4604956574065,1693.8838101390224,1767.1492361482312,1830.6960668467395
208,92.23744292237443,1431.164155644332,201.72959745159653,1035.7814100234395,1099.3484956126126,1172.6372742135563,1295.0996098520484,1431.164155644332,1567.2287014366154,1689.6910370751075,1762.979815676051,1826.5469012652243
209,92.48858447488584,1426.8788920573688,201.79548776725727,1031.3670037908514,1094.9548521009542,1168.267568789404,1290.769903922535,1426.8788920573688,1562.9878801922027,1685.4902153253336,1758.8029320137834,1822.3907803238862
210,92.73972602739727,1422.5836922565652,201.86301222335098,1026.9394584880285,1090.548584453637,1163.885832916181,1286.4291595682087,1422.5836922565652,1558.7382249449217,1681.2815515969494,1754.6188000594934,1818.2279260251019
211,92.99086757990867,1418.2787339513088,201.93219332870058,1022.4989077078762,1086.1298333563295,1159.4922154570577,1282.0775393164868,1418.2787339513088,1554.4799285861309,1677.06525244556,1750.427634546288,1814.0585601947414
212,93.2420091324201,1413.9641947346258,202.00305354900541,1018.0454850114592,1081.6987394492717,1155.0868652141082,1277.7152056075115,1413.9641947346258,1550.2131838617402,1672.8415242551434,1746.2296500199798,1809.8829044577924
213,93.4931506849315,1409.6402520711251,202.07561530033104,1013.5793239287051,1077.2554433259252,1150.6699309245976,1273.3423207864853,1409.6402520711251,1545.938183355765,1668.6105732176527,1742.025060816325,1805.701180213545
214,93.74429223744292,1405.307083285264,202.1499009425677,1009.1005579594918,1072.8000855320006,1146.2415612576306,1268.959047096349,1405.307083285264,1541.6551194741792,1664.3726053128976,1737.8140810385273,1801.5136086110363
215,93.99543378995433,1400.9648655495748,202.22593277285196,1004.6093205747667,1068.3328065645046,1141.8019048108092,1264.5655466704443,1400.9648655495748,1537.3641844287054,1660.1278262883404,1733.596924534645,1797.3204105243829
216,94.24657534246575,1396.6137758730035,202.30373301896915,1000.1057452178173,1063.8537468709296,1137.3511101070267,1260.1619815253043,1396.6137758730035,1533.0655702207027,1655.8764416389804,1729.3738048750772,1793.1218065281896
217,94.49771689497717,1392.2539910892206,202.3833238327168,995.5899653055887,1059.3630468484819,1132.8893255912826,1255.7485135534387,1392.2539910892206,1528.7594686250025,1651.6186565871585,1725.144935329959,1788.9180168728521
218,94.74885844748857,1387.8856878450133,202.4647272832542,991.0621142301109,1054.8608468434118,1128.4166996275983,1251.3253045162135,1387.8856878450133,1524.4460711738132,1647.3546760624283,1720.9105288466146,1784.7092614599155
219,95.0,1383.509042588843,202.54796535042314,986.5223253601466,1050.3472871505583,1123.9333804961348,1246.8925160369115,1383.509042588843,1520.1255691407744,1643.084704681551,1716.6707980271276,1780.495759817539
